id,enrollment
1,UGL202232994
2,PGO202233260
3,UGL202232992
4,PGO202230252
5,UGL202233373
6,UGO202231074
7,UGO202234351
8,UGL202232949
9,UGO202230449
10,UGL202233257
11,UGL202232953
12,UGL202232956
13,UGL202232955
14,UGO202232045
15,UGL202232957
16,UGL202232946
17,PGO202232952
18,UGL202233375
19,UGO202232103
20,UGO202231370
21,UGO202231343
22,UGO202230120
23,UGO202232977
24,UGO202232962
25,UGO202232263
26,UGO202230634
27,UGO202229438
28,PGO202232915
29,UGO202230545
30,UGO202232124
31,UGO202232537
32,UGO202232529
33,UGO202233298
34,UGO202234098
35,UGO202232484
36,UGO202233066
37,UGO202232446
38,UGO202234352
39,UGO202231345
40,UGl202232942
41,UGL202232943
42,UGL202232995
43,UGL202233791
44,UGL202233797
45,UGL202234068
46,PGL202234070
47,UGL202234094
48,UGO202234362-1
49,PGO202338986
50,PGO202336870
51,PGO202339027
52,PGO202335308
53,PGO202339037
54,PGO202336555
55,PGO202334891
56,PGO202336784
57,PGO202335331
58,PGO202334884
59,PGO202234092
60,PGO202339071
61,PGO202336475
62,PGO202338972
63,PGO202339047
64,PGO202339122
65,PGO202338971
66,PGO202337111
67,UGO202339076
68,PGO202337158
69,PGO202336604
70,PGO202339065
71,UGO202338984
72,PGO202339024
73,UGO202336224
74,PGO202338952
75,UGO202336913
76,UGO202336357
77,UGO202335543
78,PGO202335310
79,UGO202338308
80,PGO202339063
81,PGO202339137
82,PGO202334895
83,PGO202336742
84,PGO202339039
85,PGO202336580
86,PGO202336802
87,PGO202334883
88,PGO202336239
89,PGO202336944
90,PGO202336881
91,PGO202339124
92,PGO202335599
93,PGO202336474
94,PGO202337038
95,PGO202336471
96,PGO202336472
97,PGO202336946
98,PGO202336227
99,PGO202336936
100,PGO202337153
101,PGO202338974
102,PGO202335984
103,PGO202336730
104,PGO202336975
105,PGO202339041
106,PGO202339067
107,PGO202336938
108,PGO202338970
109,PGO202335248
110,PGO202336974
111,PGO202336585
112,PGO202339105
113,PGO202338836
114,PGO202339070
115,PGO202337037
116,UGO202338839
117,PGO202336688
118,PGO202336873
119,PGO202336743
120,PGO202339117
121,PGO202336970
122,PGO202336785
123,PGO202336240
124,PGO202336877
125,PGO202338941
126,UGO202337181
127,PGO202336675
128,PGO202339125
129,PGO202339042
130,PGO202336311
131,PGO202336738
132,UGO202337075
133,UGO202336845
134,UGO202230435
135,UGO202336716
136,UGO202336832
137,UGO202337146
138,UGO202337147
139,UGO202338969
140,UGO202337159
141,PGO202335824
142,PGO202335979
143,PGO202338961
144,PGO202336482
145,PGO202336347
146,PGO202336606
147,PGO202336680
148,PGO202336721
149,PGO202336725
150,PGO202336726
151,PGO202336729
152,PGO202336875
153,PGO202336737
154,PGO202336739
155,PGO202336783
156,PGO202336821
157,PGO202336823
158,PGO202336849
159,PGO202336884
160,PGO202336885
161,PGO202336925
162,PGO202336937
163,PGO202336947
164,PGO202336972
165,PGO202336977
166,PGO202336979
167,PGO202336980
168,PGO202337061
169,PGO202337119
170,PGO202337127
171,PGO202337148
172,PGO202337149
173,PGO202337157
174,PGO202339043
175,PGO202338951
176,PGO202339044
177,PGO202338975
178,PGO202336804
179,PGO202336724
180,PGO202336740
181,PGO202339121
182,PGO202336822
183,PGO202337163
184,UGO202234362
185,UGO202363525
186,PGO202360421
187,PGO202344523
188,PGO202351237
189,UGOS23001
190,PGO202349652
191,PGO232002
192,PGO202340163
193,PGO202344572
194,PGO231534
195,UGO202367917
196,PGO202353680
197,PGO202367940
198,UGO202345825
199,UGO202348740
200,PGO231220
201,PGO232084
202,PGO202345064
203,PGO202345075
204,UGO202382724
205,PGO202347739
206,UGOS23003
207,PGO202374182
208,UGO202344329
209,PGO202351168
210,PGO202371019
211,PGO202365087
212,UGO2023103897
213,PGO231290
214,PGO231532
215,PGO202361151
216,PGO202365126
217,PGO231771
218,UGOS23002
219,PGO232047
220,PGO231204
221,UGO202351925
222,PGO202342214
223,PGO231296
224,PGO231784
225,PGO202391950
226,PGOS23052
227,PGO202350861
228,UGOS23004
229,PGO231427
230,PGO202342782
231,UGO202342952
232,PGO2023103865
233,PGO202342616
234,PGO202365936
235,PGO232040
236,UGOS23006
237,UGO202353028
238,UGOS23007
239,PGO202360051
240,PGO202339912
241,UGO202343398
242,PGOS23031
243,PGOS23022
244,UGO202345832
245,PGO202342967
246,PGO202345570
247,UGO202349979
248,PGO202362920
249,UGO202346181
250,PGO202396886
251,PGO231860
252,PGOS23040
253,PGO202352021
254,UGO202377487
255,PGO231724
256,PGO202340055
257,PGO202349749
258,PGO202342324
259,PGO202349640
260,PGO202368951
261,PGO202360874
262,PGO202345018
263,UGO202369258
264,PGO202360205
265,UGO202340063
266,UGO231827
267,PGO2023100342
268,PGO202340629
269,PGO202366412
270,PGO202342326
271,PGO231839
272,UGO202344436
273,PGOS23056
274,UGO231854
275,UGOS23011
276,PGO202351161
277,PGO232053
278,UGO202340100
279,PGO202347994
280,PGO202346075
281,PGO202376439
282,PGO202347883
283,PGO202339350
284,PGO202368220
285,PGO202378093
286,UGO202367879
287,PGO231587
288,PGO202351059
289,PGO202368950
290,PGOS23033
291,PGO202340991
292,PGO202344772
293,UGO202395778
294,PGO231581
295,PGO2023344564
296,PGO231852
297,PGO202376369
298,PGO202351638
299,PGO202363952
300,UGO231924
301,PGO2023102188
302,PGO202344920
303,PGO202342153
304,PGO202365901
305,PGO202363540
306,PGO232140
307,PGO202357092
308,PGO202343069
309,PGO202351885
310,PGO232013
311,PGO231566
312,PGO202358967
313,PGO202351892
314,PGO202353001
315,PGO202351742
316,PGO202356157
317,PGO202368664
318,PGO231201
319,PGO202356099
320,PGO202370353
321,UGO202340936
322,PGO202350145
323,PGO202389984
324,PGO2023103699
325,PGO202374174
326,UGO202357047
327,UGO202353924
328,PGOS23003
329,PGO202344008
330,PGO202357073
331,PGO202341478
332,PGO202344495
333,PGO202343401
334,PGO231930
335,PGO202356838
336,PGO202355513
337,PGOS23032
338,PGO202361210
339,PGO202345036
340,PGO202350947
341,PGO232036
342,PGO231694
343,PGO202360472
344,PGO202350547
345,PGO202344027
346,PGO20236819
347,UGO202350277
348,PGO202351005
349,PGO231962
350,PGO202347578
351,PGO231284
352,PGO202375278
353,PGO202340694
354,PGO232089
355,PGO2023103726
356,UGO202341649
357,PGO202350282
358,PGO231807
359,PGO202369645
360,PGOS23055
361,PGO202343982
362,PGOS23004
363,PGO202343419
364,PGO202343059
365,PGO202351053
366,PGO202342680
367,UGO202350245
368,UGOS23013
369,UGOS23014
370,PGO232039
371,PGO202343380
372,PGO202350509
373,UGO202343393
374,PGO2023103616
375,PGO202366062
376,UGO202338966
377,UGO202342174
378,PGO231425
379,PGO202360934
380,PGO231915
381,PGO202360443
382,PGO231564
383,UGO202343396
384,PGO202344782
385,PGO202351187
386,PGOS23027
387,PGOS23024
388,UGOS23015
389,PGO232092
390,PGOS23045
391,PGO202343490
392,PGO202348010
393,PGO202364678
394,PGO202361236
395,PGO202363995
396,PGOS23060
397,PGOS23066
398,PGO232038
399,PGO2023100333
400,PGO231359
401,PGO202383991
402,PGO202343304
403,PGO202350734
404,PGO231646
405,UGO202350926
406,PGOS23014
407,PGO2023102704
408,PGO232131
409,PGO202343377
410,PGO202355319
411,PGO202339723
412,UGO202345775
413,UGO231127
414,PGO202343425
415,PGO202339022
416,UGOS23017
417,PGO202380411
418,PGOS23053
419,PGO202356767
420,PGO231514
421,UGO232046
422,PGO231671
423,PGO202371077
424,PGO202344161
425,PGO231816
426,PGOS23030
427,PGOS23054
428,UGO202368532
429,UGO202361096
430,PGO231497
431,UGO231985
432,PGOS23038
433,PGO202341837
434,PGO202391057
435,PGO202348455
436,PGO231902
437,UGO202343787
438,PGOS23044
439,PGO202343897
440,PGOS23016
441,UGOS23019
442,PGO231763
443,PGO202354910
444,PGO202364373
445,PGO231718
446,PGO232119
447,PGO202343978
448,UGO231850
449,PGO202358939
450,PGO202352002
451,PGO231212
452,PGO202341152
453,PGO202369167
454,UGO202395751
455,UGO231181
456,PGO202380543
457,PGO202342666
458,UGO202350880
459,PGO202348001
460,UGO231121
461,UGOS23020
462,UGO202364131
463,PGO202352074
464,PGO231864
465,PGO202343049
466,UGO232091
467,PGO232043
468,UGO231079
469,PGO202340598
470,UGO202345130
471,UGO202349763
472,UGO202374547
473,PGO2023101086
474,PGO2023100300
475,UGO202340173
476,PGO202350366
477,PGO202350639
478,UGO232035
479,PGO202343496
480,PGO202356143
481,PGO202348404
482,PGO202359715
483,PGO202341044
484,PGO202341518
485,PGO2023100502
486,UGO232147
487,PGO202341173
488,PGO202344593
489,PGO202395166
490,PGO202349901
491,UGO202360925
492,PGO232142
493,PGO231412
494,UGO202341313
495,UGO202343502
496,PGO202345051
497,PGO202343061
498,UGO202344765
499,PGO202350456
500,PGO202352044
501,PGO202346383
502,PGO202350371
503,PGO202345779
504,UGOS23021
505,PGO231424
506,PGO202357074
507,PGO231526
508,PGO202343814
509,PGOS23065
510,PGO202346167
511,UGO202361208
512,PGO202365131
513,PGO231474
514,PGOS23036
515,PGO231320
516,PGO202362901
517,UGOS23023
518,PGO202372139
519,PGO232019
520,UGO231738
521,UGO202341406
522,PGO202350365
523,PGO202357821
524,PGO202361444
525,PGO202352089
526,PGO202345405
527,PGO202355119
528,PGO202350427
529,PGO202365154
530,PGO202374083
531,PGO202363147
532,PGO202384759
533,PGO202343296
534,PGO202370791
535,PGO202348149
536,UGOS23024
537,UGO231959
538,PGO202347937
539,PGO202339126
540,PGO202363964
541,PGO202349989
542,PGO232077
543,PGO202361400
544,PGO202344299
545,UGO202366770
546,PGO202344683
547,UGOS23025
548,PGO202343591
549,PGO202353719
550,PGO202343937
551,PGO202368986
552,PGO202351814
553,UGO202344297
554,UGO231918
555,PGO202365115
556,UGO231752
557,UGOS23026
558,PGO202351075
559,PGO202344001
560,UGO202346012
561,PGO231688
562,PGO2023391892
563,PGO202365158
564,UGO202342855
565,PGO2023103796
566,UGO202339915
567,UGO202367549
568,UGOS23068
569,PGO202343142
570,PGO231882
571,PGO202343561
572,PGO202346161
573,PGO202365268
574,UGO202357041
575,PGO202370657
576,UGO202344919
577,PGOS23013
578,UGOS23027
579,PGO202368292
580,PGO202340737
581,PGO231874
582,PGO202351348
583,PGO231841
584,UGO202342720
585,PGO202388065
586,UGO202360284
587,UGO202368673
588,PGO2023103550
589,PGO202345645
590,PGO231794
591,PGO2023103552
592,PGO202380131
593,PGO202343459
594,PGO202346119
595,PGO202356575
596,PGO202358018
597,PGO202349894
598,PGO202369557
599,UGO202351303
600,PGO231677
601,UGO202344488
602,UGO2023103613
603,PGO202361396
604,PGO202350872
605,PGO202343572
606,PGO231789
607,PGO231891
608,PGOS23051
609,PGO202341046
610,UGOS23028
611,PGO202360584
612,PGO202347746
613,PGO202351891
614,UGO231998
615,PGO202365177
616,PGO231835
617,PGO231211
618,UGO202351648
619,PGO202366563
620,PGO202345677
621,UGO202354688
622,PGO202340688
623,PGO202350961
624,UGO202365060
625,UGO202349660
626,UGOS23030
627,PGO202360601
628,PGO202368642
629,PGO202365083
630,PGO20235797
631,PGO202378686
632,PGOS23035
633,PGO202357978
634,PGO202343856
635,PGO202341247
636,PGO202367229
637,PGO202383996
638,UGO232018
639,UGO202365978
640,PGO202345614
641,PGO202348940
642,PGO202360630
643,UGOS23032
644,UGO231353
645,PGO202373199
646,PGO202342273
647,PGOS23042
648,PGO231956
649,PGO2023103919
650,PGOS23039
651,UGOS23033
652,PGO231911
653,PGO202343796
654,PGO202351159
655,PGO202350434
656,UGO231900
657,UGO231272
658,UGOS23034
659,PGO202344000
660,PGO232034
661,PGO231988
662,PGO202341045
663,UGO231530
664,PGO231396
665,UGO202333263
666,PGO20234853
667,PGO202345071
668,PGO202351932
669,UGO231266
670,PGO202376205
671,UGO202351012
672,PGO231429
673,PGO231969
674,PGO231259
675,UGO202343461
676,PGO202351144
677,PGO202344193
678,PGO231681
679,PGO231389
680,PGO202347734
681,PGO202360430
682,PGO231321
683,UGOS23035
684,PGO202343420
685,PGO202386334
686,PGO231830
687,PGO231533
688,UGO231588
689,PGO202340684
690,PGO202342661
691,UGO202344108
692,UGO202343551
693,PGO202342656
694,PGO202380271
695,PGO202342972
696,PGO202346406
697,PGO202366055
698,PGO202343043
699,PGO202348012
700,PGO231579
701,UGO202368690
702,UGOS23037
703,UGO202340725
704,PGO202341205
705,PGO202374378
706,PGO231091
707,PGO202364687
708,PGO231627
709,UGOS23038
710,PGO202342762
711,PGO202353950
712,PGO202346158
713,PGO202339152
714,PGO202350601
715,UGO202361137
716,PGO202340807
717,PGO2023103606
718,UGOS23039
719,PGO231872
720,PGO202345020
721,PGO202345404
722,PGO202361097
723,PGO202343441
724,PGOS23011
725,PGO202381055
726,PGO202343749
727,UGO202342623
728,PGO202343410
729,PGO202357948
730,PGO202343456
731,UGO231904
732,PGO202343968
733,UGOS23040
734,PGO202359458
735,PGO202366461
736,PGO202340689
737,PGO202351471
738,PGO202346400
739,PGO231285
740,PGO202343324
741,UGO231302
742,UGOS23041
743,UGO202343314
744,PGO202354701
745,PGO202351944
746,PGO202340500
747,PGO202350862
748,UGO202341822
749,UGO231081
750,PGO202351805
751,UGO231247
752,PGO202352271
753,PGO202350679
754,PGO202342171
755,PGO202348202
756,UGO202341154
757,PGO202342484
758,PGO231270
759,PGO202399059
760,UGO202349358
761,PGO202349914
762,PGO202353944
763,PGO202364052
764,PGO202345598
765,PGO202341153
766,UGOS23042
767,UGO202343879
768,PGO202359699
769,PGO2023101777
770,PGO231269
771,PGO231853
772,PGO202368687
773,PGO232016
774,UGO231509
775,PGO202351150
776,UGOS23044
777,PGO202352032
778,PGO231662
779,PGOS23047
780,UGO202349709
781,UGO231116
782,PGO202346148
783,PGO202350745
784,PGO231710
785,PGOS23012
786,UGOS23043
787,PGO202351370
788,PGO232133
789,PGO2023103596
790,PGO231748
791,PGOS23028
792,UGO202361251
793,UGOS23045
794,PGO202310390
795,PGO202343062
796,PGO231713
797,PGO231287
798,PGO20231951
799,PGOS23007
800,PGO202344050
801,UGO202344655
802,PGO231393
803,PGO202343436
804,PGO231354
805,UGOS23046
806,PGOS23048
807,PGO202343113
808,PGOS23015
809,UGOS23047
810,UGOS23048
811,PGO202363490
812,PGO231505
813,UGO20231776
814,PGO231175
815,PGO202343482
816,PGO231857
817,UGO202368178
818,PGO202355153
819,UGO2023101989
820,PGOS23018
821,UGO2023101079
822,PGO202368293
823,PGO202352138
824,PGO202348101
825,PGO202355042
826,PGO232102
827,UGO202347946
828,PGO202358735
829,PGO20233423
830,UGO202346370
831,PGO202344651
832,UGO231739
833,PGO202368678
834,PGO231030
835,PGO202358878
836,PGO231260
837,UGO202360459
838,PGO202346409
839,PGO202339654
840,PGO202340379
841,UGO231360
842,PGO202343407
843,UGO231948
844,UGOS23049
845,UGOS23050
846,PGO202367793
847,PGO232037
848,UGO231051
849,PGO231892
850,PGOS23020
851,PGO231701
852,PGO202344953
853,UGO202343569
854,PGO202350903
855,PGO231826
856,PGO202346454
857,PGO202342264
858,PGO202348602
859,PGO202345056
860,PGO202350840
861,PGO202349797
862,UGO231927
863,PGO202345664
864,PGO231821
865,PGO202362882
866,PGO202344043
867,UGOS23051
868,UGOS23052
869,PGO202344269
870,PGO232065
871,UGO202345905
872,PGO231585
873,UGO231262
874,PGO202352866
875,UGO202344747
876,PGO202368330
877,UGO202351989
878,PGO202352106
879,PGO202350405
880,PGOS23026
881,PGO202341924
882,PGOS23010
883,PGOS23046
884,PGO202360908
885,UGO202350885
886,UGO202375319
887,PGO232145
888,PGO202359926
889,PGO2023101081
890,PGOS23002
891,PGO202365068
892,PGOS23001
893,PGO232032
894,PGO202367553
895,PGO202343622
896,PGO202343891
897,PGO231941
898,UGO231481
899,UGO202348438
900,PGO202376387
901,PGO202361144
902,UGO202350125
903,PGO202357077
904,PGO202351689
905,PGO202375265
906,PGO202371634
907,PGO202342410
908,UGO202351337
909,PGO202339724
910,UGO202342182
911,PGO231955
912,PGO231926
913,UGO202344511
914,PGO202340809
915,PGO202368611
916,UGO231187
917,PGO202349908
918,UGO202354764
919,UGOS23053
920,UGOS23054
921,PGO202357914
922,PGO202343120
923,PGO202343883
924,PGO231765
925,PGO202369005
926,PGO231893
927,UGO202351807
928,PGO231200
929,PGO202345992
930,PGO202343321
931,UGO232009
932,PGO202353809
933,PGO231916
934,UGO202361172
935,PGO202342776
936,PGO202350051
937,PGO202344307
938,UGO202352405
939,PGO231208
940,UGO202394105
941,PGO202347730
942,UGO202375282
943,UGO202367557
944,PGO202344253
945,PGO202350738
946,PGO202356195
947,PGO202360546
948,PGO231823
949,PGO202340628
950,PGO202352735
951,PGO231144
952,PGO231336
953,PGO202344714
954,UGO202344428
955,PGO202350529
956,PGO202367234
957,PGO202350927
958,UGO202351189
959,UGO202344002
960,PGO231426
961,UGO232118
962,PGO202367302
963,PGO202356669
964,PGO202348339
965,PGOS23049
966,UGO202341825
967,PGO202355341
968,UGO202343408
969,UGO202340124
970,UGO202346402
971,PGO202357449
972,UGO231745
973,PGO202343189
974,PGO2023103612
975,PGO202339831
976,PGO231787
977,PGO202361477
978,PGO231255
979,UGOS23056
980,UGOS23057
981,PGO231128
982,PGOS23057
983,UGO202350354
984,PGO202349625
985,UGO231399
986,PGOS23029
987,UGO231999
988,PGO202355711
989,UGO202340263
990,PGO202350118
991,PGO231198
992,UGOS23059
993,PGO231895
994,PGOS23062
995,PGO202366333
996,UGO231188
997,PGO231093
998,UGOS23060
999,PGOS23064
1000,PGO231422
1001,UGOS23061
1002,PGO231907
1003,UGO202343824
1004,UGO231458
1005,UGO202341575
1006,PGO202370149
1007,PGO202382838
1008,PGO202342786
1009,PGOS23059
1010,PGO202344045
1011,PGO202371122
1012,UGO2023103830
1013,PGO2023100843
1014,PGOS23034
1015,PGO202360503
1016,UGO202342008
1017,UGOS23063
1018,PGO202367823
1019,UGOS23064
1020,PGO202352177
1021,PGO202349954
1022,PGO202395502
1023,PGO231949
1024,PGO231940
1025,UGO202353957
1026,PGO202343080
1027,PGO231859
1028,PGO202340551
1029,PGO202350942
1030,PGO231562
1031,PGO202346162
1032,PGO202342935
1033,PGO202393807
1034,UGO202349998
1035,UGOS23065
1036,UGO202355282
1037,PGO202360189
1038,PGO231607
1039,PGO2023103936
1040,PGO232146
1041,PGO202352066
1042,UGO202349968-1
1043,PGO202337044
1044,UGO202349994
1045,UGO202369724
1046,UGO202349821
1047,PGO202351058
1048,PGO202351863
1049,UGO202342665
1050,PGO202352004
1051,PGOS23067
1052,PGO231933
1053,PGO202393653
1054,PGO231931
1055,PGO202351793
1056,UGOS23066
1057,PGO202343506
1058,PGO202355295
1059,UGO202364597
1060,UGO202350899
1061,PGO202356286
1062,PGO202348593
1063,UGO202343052
1064,PGO232073
1065,UGO202343990
1066,PGO231096
1067,PGO202349964
1068,PGO202340395
1069,PGO202351128
1070,PGOS23025
1071,PGO202357561
1072,PGO231888
1073,PGO232104
1074,PGO232031
1075,PGO231856
1076,PGO202365150
1077,PGO232054
1078,UGO202361398
1079,PGO202349975
1080,PGO202368165
1081,PGO202349992
1082,PGO202360185
1083,PGO202367927
1084,PGOS23009
1085,PGO202338911
1086,PGO202369759
1087,UGO202351836
1088,UGO231936
1089,PGO202340165
1090,PGO202395676
1091,PGO202361399
1092,PGO232079
1093,PGO202357427
1094,PGO202365082
1095,PGO232087
1096,UGO202368680
1097,UGO202340724
1098,PGO202352071
1099,PGO202361199
1100,PGO202368313
1101,PGO202355055
1102,PGO202351137
1103,UGO202344921
1104,PGOS23023
1105,PGO232060
1106,PGO202342554
1107,UGO231542
1108,PGO231608
1109,PGO231923
1110,PGO231876
1111,PGO202348421
1112,PGO231484
1113,PGO202369657
1114,PGO202351499
1115,UGO202385041
1116,PGO202391865
1117,UGO202371126
1118,PGO202351669
1119,PGO202348919
1120,PGO20231896
1121,UGOS23010
1122,PGO232030
1123,INPGD202311794
1124,PGO202351113
1125,UGO202350850
1126,UGO202337152
1127,UGO231347
1128,UGO202343611
1129,UGO202347579
1130,UGO202343383
1131,UGO202350001
1132,UGO202349238
1133,UGO202344145
1134,UGO231395
1135,UGO231351
1136,UGO202343607
1137,UGO202343475
1138,UGO202342763
1139,UGO202344972
1140,UGO202341392
1141,UGO202344955
1142,UGO202350397
1143,UGO202342654
1144,UGO231112
1145,UGO202350106
1146,UGO231280
1147,UGO202343295
1148,UGO231553
1149,UGO202343762
1150,UGO202344026
1151,UGO202351817
1152,UGO202351808
1153,UGO231641
1154,UGO231368
1155,UGO202352167
1156,UGO202352409
1157,UGO202341869
1158,UGO202343568
1159,UGO202351302
1160,UGO202352353
1161,UGO231846
1162,UGO202362024
1163,UGO231788
1164,UGO231898
1165,UGO202347719
1166,UGO202343444
1167,UGO202352015
1168,UGO202350002
1169,UGO202368206
1170,UGO202343421
1171,UGO202368679
1172,UGO231913
1173,UGO202370185
1174,UGO202369038
1175,UGO202369529
1176,UGO202368585
1177,UGO202370751
1178,UGO232003
1179,UGO202370159
1180,UGO232027
1181,UGO231993
1182,UGO231950
1183,UGO232006
1184,UGO202343750
1185,UGO2023100053
1186,UGO232109
1187,UGO232114
1188,UGO231772
1189,UGO231880
1190,UGOS23005
1191,UGOS23009
1192,UGOS23012
1193,UGOS23016
1194,UGOS23018
1195,UGOS23022
1196,UGOS23029
1197,UGOS23031
1198,UGOS23036
1199,UGOS23055
1200,UGOS23062
1201,UGOS23067
1202,PGO202342473
1203,PGO202344501
1204,PGO231946
1205,PGO231209
1206,PGO231377
1207,PGO202341147
1208,PGO202342883
1209,PGO202341455
1210,PGO202345057
1211,PGO202341611
1212,PGO202343027
1213,PGO202345798
1214,PGO202345659
1215,PGO231257
1216,PGO231020
1217,PGO202345434
1218,PGO202345261
1219,PGO202341738
1220,PGO202343552
1221,PGO202340092
1222,PGO202348176
1223,PGO202340093
1224,PGO202343376
1225,PGO202348384
1226,PGO202344158
1227,PGO202347509
1228,PGO231342
1229,PGO231183
1230,PGO231463
1231,PGO202348631
1232,PGO202350631
1233,PGO202343305
1234,PGO202345337
1235,PGO202348150
1236,PGO202351054
1237,PGO202351226
1238,PGO202350913
1239,PGO202344393
1240,PGO202351074
1241,PGO231537
1242,PGO231589
1243,PGO202343325
1244,PGO231656
1245,PGO202352096
1246,PGO231678
1247,PGO202337049
1248,PGO202354706
1249,PGO202350844
1250,PGO202341770
1251,PGO0231513
1252,PGO202348031
1253,PGO202350905
1254,PGO202350816
1255,PGO202360921
1256,PGO202360636
1257,PGO231797
1258,PGO231775
1259,PGO231804
1260,PGO202351582
1261,PGO202351801
1262,PGO202359592
1263,PGO202351099
1264,PGO202360951
1265,PGO202361102
1266,PGO231734
1267,PGO231573
1268,PGO231815
1269,PGO202363101
1270,PGO202357097
1271,PGO231310
1272,PGO202360856
1273,PGO202364679
1274,PGO202365045
1275,PGO202362884
1276,PGO202352977
1277,PGO231605
1278,PGO202364177
1279,PGO202365862
1280,PGO202363999
1281,PGO202363921
1282,PGO0231723
1283,PGO231572
1284,PGO202354932
1285,PGO231912
1286,PGO231899
1287,PGO231917
1288,PGO202367826
1289,PGO231555
1290,PGO202363160
1291,PGO202365038
1292,PGO202367319
1293,PGO202368288
1294,PGO202369187
1295,PGO202369036
1296,PGO202370177
1297,PGO202368580
1298,PGO202375482
1299,PGO231914
1300,PGO202360200
1301,PGO202368992
1302,PGO202375308
1303,PGO202368294
1304,PGO202377595
1305,PGO231968
1306,PGO202355304
1307,PGO231964
1308,PGO232045
1309,PGO232042
1310,PGO202374367
1311,PGO231934
1312,PGO232052
1313,PGO232074
1314,PGO202391966
1315,PGO231975
1316,PGO232048
1317,PGO232026
1318,PGO202357043
1319,PGO232088
1320,PGO202390389
1321,PGO202373091
1322,PGO232101
1323,PGO202394513
1324,PGO232063
1325,PGO232081
1326,UGO202399699
1327,PGO202343952
1328,PGO232099
1329,PGO232001
1330,PGO2023100793
1331,PGO231125
1332,PGO232071
1333,PGO2023103712
1334,PGO2023103678
1335,PGO202366753
1336,PGO202363169
1337,PGO2023103863
1338,PGO2023103750
1339,PGO202354966
1340,PGO202363993
1341,PGOS23058
1342,PGOS23017
1343,PGOS23061
1344,PGOS23005
1345,PGOS23037
1346,PGOS23050
1347,PGOS23006
1348,PGOS23008
1349,PGOS23041
1350,PGOS23021
1351,PGOS23019
1352,PGOS23043
1353,PGOS23063
1354,PGO202363112
1355,UGO202370208
1356,UGO232085
1357,UGO24150055
1358,PGO24132192
1359,UGO24141832
1360,UGO24140319
1361,PGO24155243
1362,UGO24131803
1363,UGO24140862
1364,PGO2023126256
1365,PGO24143103
1366,PGO24150172
1367,PGO24142163
1368,PGO24156442
1369,PGO24161663
1370,UGO24145736
1371,PGO24136883
1372,PGO24166196
1373,PGO2023118170
1374,PGO24157111
1375,PGO24147490
1376,PGO24165587
1377,PGO24141372
1378,PGO24144356
1379,PGO24148845
1380,PGO24130949
1381,UGO24140180
1382,UGO24158806
1383,UGO24158982
1384,UGO24160536
1385,PGOS24001
1386,PGO24141291
1387,PGO24130288
1388,PGO24144322
1389,PGO24156144
1390,PGO24133959
1391,PGO24137789
1392,PGO24144206
1393,PGO2023125678
1394,PGO24138144
1395,PGO24121352
1396,UGO2023119127
1397,UGO24142855
1398,PGO24149543
1399,PGO2023118918
1400,PGO2023122301
1401,PGO24146735
1402,PGO24161688
1403,PGO24133792
1404,PGO24160594
1405,PGO24150070
1406,PGO24167440
1407,UGOS24001
1408,UGOS24016
1409,UGO24165314
1410,PGO24147122
1411,PGO24150819
1412,PGO24169072
1413,PGO24138131
1414,PGO24138420
1415,UGO24138280
1416,PGO24131481
1417,PGO24141962
1418,UGO2023111143
1419,PGO24161736
1420,UGO24162591
1421,UGO24157893
1422,UGO24125035
1423,PGO24134056
1424,PGO2023108353
1425,PGO24159449
1426,PGO202350911
1427,PGO24165863
1428,PGO24110574
1429,UGO24145183
1430,PGO24134754
1431,PGO24143187
1432,PGO24155241
1433,PGO24125644
1434,PGO24138166
1435,PGO24167154
1436,PGO24143199
1437,PGO24166235
1438,PGO24144647
1439,PGO24152108
1440,PGO24169632
1441,PGO24123304
1442,PGO24148823
1443,UGO24155364
1444,PGO24129170
1445,PGO24152299
1446,PGO2023111749
1447,PGO2023104207
1448,UGO24166071
1449,PGO24162250
1450,PGO24168208
1451,PGOS24002
1452,PGO24169321
1453,PGO24120320
1454,PGO24160201
1455,PGO24155630
1456,UGO2023109918
1457,UGO24140638
1458,UGO24168422
1459,PGO232184
1460,PGO24166833
1461,PGO24142873
1462,PGO24168590
1463,UGO24140576
1464,PGO24124447
1465,PGO24166660
1466,PGO2023113265
1467,PGO24154880
1468,PGO24138782
1469,PGO24143550
1470,PGO24169146
1471,PGO24140110
1472,PGO24157251
1473,UGO24130496
1474,PGO24133701
1475,PGO24154187
1476,PGO24157954
1477,UGO24168471
1478,PGO24136337
1479,PGO24149361
1480,PGO24150036
1481,PGO24155537
1482,UGO24151216
1483,UGO2023119764
1484,UGO24108461
1485,PGO2023114817
1486,PGO24143271
1487,PGO24129451
1488,PGO24140302
1489,UGO24140760
1490,PGO2441610
1491,PGO24145327
1492,PGO24160764
1493,PGO24129146
1494,PGO24169134
1495,PGO24132816
1496,PGO24137090
1497,PGO24141923
1498,PGO24168874
1499,PGO24161355
1500,PGO24155302
1501,PGO24138143
1502,UGO24158192
1503,UGO24138182
1504,UGO24136311
1505,PGO24140549
1506,PGO24166153
1507,PGO24160629
1508,PGO24126928
1509,PGO24146242
1510,UGO24160230
1511,PGO2023121255
1512,PGO24158425
1513,PGO24142919
1514,PGO24138302
1515,PGO24142417
1516,PGO24160847
1517,PGO2023122690
1518,UGO24166490
1519,PGO24151286
1520,PGO24158376
1521,PGO24168594
1522,PGO24132770
1523,PGO24146064
1524,UGOS24002
1525,PGO24140076
1526,UGO24144600
1527,PGO232058
1528,PGO24145611
1529,PGO24148804
1530,PGO24156773
1531,UGO24144248
1532,PGO2023115279
1533,PGO24147880
1534,PGO24150035
1535,PGO24131944
1536,PGO2023114501
1537,PGO24133023
1538,UGO24128849
1539,PGO24155261
1540,PGO24159030
1541,PGO24142477
1542,PGO24141246
1543,UGO202337211
1544,PGO24137198
1545,PGO24144445
1546,PGO2023123587
1547,UGO24149313
1548,PGO24152564
1549,UGO24131331
1550,PGOS24021
1551,PGO24122869
1552,PGO24138316
1553,PGO24130355
1554,PGO24134582
1555,PGO24138245
1556,PGO2023119648
1557,PGO24156505
1558,PGO24158016
1559,UGO24142433
1560,PGO24146016
1561,PGO2023105299
1562,PGOS24003
1563,PGO24155679
1564,PGO2023123190
1565,PGO24143202
1566,PGO24156345
1567,PGO24165826
1568,PGO24157531
1569,PGO24130332
1570,PGO2023132809
1571,UGO24166661
1572,PGO24160988
1573,PGO24136906
1574,PGO24162794
1575,UGO24161423
1576,PGO2023116885
1577,UGO2023107516
1578,PGO24152118
1579,PGO24155745
1580,UGO24142918
1581,PGO24158306
1582,PGO24141615
1583,UGO24149336
1584,PGO24148008
1585,PGO24131483
1586,PGO24135012
1587,PGO24150404
1588,PGO24134055
1589,PGO24142251
1590,PGO24151076
1591,PGO24157200
1592,PGO24136588
1593,PGO24149896
1594,PGO24137402
1595,PGO24161285
1596,PGO24133047
1597,PGO24139982
1598,PGO24166004
1599,PGO24139552
1600,PGO24161278
1601,UGO24166665
1602,PGO24146087
1603,PGO24162619
1604,PGO24110180
1605,PGO24138465
1606,PGOS24004
1607,PGO2023122316
1608,PGO24135070
1609,PGO24149587
1610,PGO2023120986
1611,PGO24135306
1612,PGO24169025
1613,UGO24159414
1614,PGO2023120099
1615,PGO24165333
1616,PGO2023125313
1617,UGO24150154
1618,UGO2023149619
1619,PGO24138229
1620,PGO24151571
1621,PGO24142545
1622,PGO24136487
1623,PGO24158429
1624,UGOS24004
1625,PGO24140169
1626,PGO2023111517
1627,PGO2023104689
1628,PGO24169083
1629,PGO24133022
1630,UGO24165342
1631,UGO2023104577
1632,UGO24127581
1633,UGO24161582
1634,PGO24157838
1635,PGO24137390
1636,PGO24133401
1637,PGO24149416
1638,PGO24159556
1639,PGO24138112
1640,PGO2023109898
1641,PGO24144391
1642,PGOS24005
1643,PGO24138723
1644,PGO24165815
1645,UGO2023123840
1646,UGO24158051
1647,PGO24165823
1648,PGO2023116698
1649,PGO24134395
1650,PGO24132173
1651,PGO24139722
1652,PGO24141818
1653,PGO24145533
1654,PGO24143167
1655,PGO24138785
1656,PGO24138199
1657,PGO24145579
1658,UGO24143352
1659,PGO2481830
1660,UGO2023106782
1661,PGO24169016
1662,UGO24153553
1663,PGO24123212
1664,UGO24149396
1665,PGO24158807
1666,UGO24157850
1667,UGO24161741
1668,PGO24142877
1669,PGO24138429
1670,PGO24129482
1671,PGO24150580
1672,PGO24129699
1673,PGO2023103922
1674,PGO24140281
1675,PGO24147870
1676,PGO24136918
1677,UGO24142940
1678,UGO24136319
1679,PGOS24019
1680,PGO24152339
1681,PGO24144894
1682,PGO2023123549
1683,PGO2023111059
1684,PGO202367299
1685,PGO24140372
1686,PGO24153859
1687,PGO24146624
1688,PGO2023124186
1689,UGO24169152
1690,PGO24146170
1691,PGO24151852
1692,UGO24141990
1693,PGO24145294
1694,UGOS24006
1695,UGO2023113771
1696,PGO24129923
1697,PGO24146360
1698,PGO24168957
1699,PGO24138379
1700,PGOS24006
1701,PGO24165760
1702,UGO2023106023
1703,PGO2023126224
1704,PGO24151869
1705,PGO24169061
1706,PGO24166542
1707,PGO24132706
1708,PGO2023124270
1709,PGO24146210
1710,UGO24151016
1711,PGO24151602
1712,PGO24150878
1713,PGO24127843
1714,PGO24136810
1715,UGO24154615
1716,PGO24162879
1717,PGO24126914
1718,PGO24162673
1719,PGO24140041
1720,PGO24145018
1721,UGO202389671
1722,UGO24134290
1723,PGO24138440
1724,PGO24150884
1725,UGO24136896
1726,UGO24146484
1727,UGO24160459
1728,PGO232160
1729,PGO2023104720
1730,UGO24149068
1731,PGO24126650
1732,PGO24134328
1733,PGO24151952
1734,PGO24159183
1735,PGO24144627
1736,PGO24153019
1737,PGO2023106043
1738,PGO2023125463
1739,PGO24141608
1740,PGO2452170
1741,PGO24126607
1742,PGO24144211
1743,PGO2023126030
1744,PGO24132187
1745,UGO24156735
1746,PGO24124469
1747,PGO24132110
1748,UGOS24007
1749,UGO24130189
1750,UGO24129265
1751,PGO24132158
1752,PGO24161977
1753,PGO24138761
1754,PGO24168916
1755,PGO24127857
1756,PGO202347777
1757,PGO24159192
1758,UGO24137163
1759,PGO24138155
1760,PGO24141648
1761,UGO24140472
1762,UGO24134747
1763,UGO24158756
1764,UGO24157541
1765,PGO24164837
1766,PGO24154637
1767,PGO2023107379
1768,PGO24159269
1769,UGO24159305
1770,UGO24156797
1771,PGO24142018
1772,UGL24142987
1773,PGO24138398
1774,PGO24134098
1775,PGO24149418
1776,UGO24157906
1777,PGOS24007
1778,UGO24149398
1779,PGO2484558
1780,PGO24152559
1781,UGO24120449
1782,UGO24142639
1783,UGOS24008
1784,PGO2023120626
1785,UGO24136550
1786,PGO24154964
1787,PGO24162055
1788,PGO24128453
1789,PGO24143890
1790,UGO24168900
1791,PGO24153465
1792,UGO24168263
1793,UGO24144519
1794,PGO24150111
1795,PGO24167002
1796,PGO24168448
1797,PGO202360492
1798,PGO24151775
1799,UGO24153474
1800,PGO24127103
1801,UGO24144908
1802,PGO24169611
1803,PGO2023115793
1804,UGO24145538
1805,UGO24144198
1806,PGO24139558
1807,PGO24161790
1808,PGO24158452
1809,PGO24158347
1810,UGO24165840
1811,UGO24142864
1812,PGO24138170
1813,PGO2023124848
1814,PGO24140707
1815,PGO2461072
1816,PGO2451618
1817,PGO24145504
1818,PGO24143958
1819,PGO24155603
1820,PGO24157702
1821,PGO24134702
1822,UGO24168946
1823,UGO24161693
1824,PGO24147759
1825,PGOS24008
1826,UGO24161876
1827,UGO24150040
1828,PGO24153673
1829,PGO24158202
1830,UGO24157956
1831,UGO24160520
1832,PGO24152553
1833,PGO24139989
1834,PGO24132557
1835,PGO24135214
1836,PGO24158464
1837,PGO24146599
1838,PGO24158061
1839,PGO24138432
1840,PGO24131099
1841,PGO202367928
1842,PGO24165544-1
1843,PGO24164707
1844,PGO2023115030
1845,UGO24146520
1846,PGO24159069
1847,PGO24153046
1848,PGO24142893
1849,PGO24137748
1850,PGO24144613
1851,PGO24138389
1852,UGO24145315
1853,PGO24140922
1854,PGO24162113
1855,PGO2023110152
1856,PGO24167249
1857,UGO24145016
1858,PGO24156975
1859,PGO2023107608
1860,PGO24148568
1861,PGO24131667
1862,PGO24159527
1863,UGO24168301
1864,PGO24161026
1865,UGO24142187
1866,PGO24131404
1867,PGO24128862
1868,UGO24144337
1869,PGO24150184
1870,PGO2023125223
1871,UGO24150460
1872,PGO24128957
1873,PGO24141192
1874,UGO24166354
1875,UGO24142019
1876,UGO24107124
1877,UGO24167928
1878,PGO24143458
1879,UGO24148067
1880,PGO24123422
1881,PGO24140671
1882,PGO24134251
1883,PGO24156125
1884,UGO24151935
1885,PGO24147508
1886,PGO24140601
1887,PGO24144885
1888,PGO24143910
1889,PGO24153656
1890,PGO24165713
1891,PGO24166030
1892,UGO24152327
1893,PGOS24020
1894,PGO24133268
1895,PGO24148821
1896,PGOS24010
1897,PGO2023125642
1898,UGO24136602
1899,PGO24140516
1900,UGOS24009
1901,PGO24146353
1902,PGO24131095
1903,PGO24145542
1904,PGOS24009
1905,PGO24166502
1906,UGO24152958
1907,PGO2023124491
1908,PGO24153948
1909,PGO24136194
1910,PGO24127294
1911,PGO24149991
1912,PGO24165790
1913,PGO24139752
1914,PGO24131774
1915,PGO24127952
1916,PGO24152246
1917,PGOS24013
1918,UGOS24010
1919,PGO24122160
1920,PGOS24014
1921,PGO24146167
1922,PGO24160718
1923,PGO24121130
1924,PGO24150117
1925,PGO2023126225
1926,PGO24141148
1927,UGO24139694
1928,UGOS24011
1929,PGO24158801
1930,UGO24149023
1931,UGO24157859
1932,UGO24142803
1933,PGO202366315
1934,PGO24159653
1935,PGO24144491
1936,PGO24154784
1937,PGO24141884
1938,PGO24144343
1939,PGO24128944
1940,PGO24144387
1941,PGO24136887
1942,PGO24143211
1943,PGO24162604
1944,UGO2023122307
1945,UGO24142467
1946,PGO24136768
1947,PGO2023119854
1948,UGO24140744
1949,PGO24127281
1950,UGO24137840
1951,PGO24165750
1952,UGOS24012
1953,UGO24129887
1954,PGO24126222
1955,UGO24143168
1956,PGO2023124828
1957,PGO24168518
1958,PGO24142483
1959,PGO24159581
1960,PGO2023126240
1961,PGO24141340
1962,UGO24158036
1963,PGO24146275
1964,UGO24157388
1965,PGO24152240
1966,PGO24167375
1967,PGO24148888
1968,PGO24153624
1969,PGO24157832
1970,UGO24149622
1971,PGOS24015
1972,PGO24151713
1973,PGO24142763
1974,PGO24162202
1975,PGO24169131
1976,PGO24134300
1977,PGO24165985
1978,UGO24144097
1979,UGO24142937
1980,PGO24144244
1981,PGO24143912
1982,PGO24152940
1983,PGO24139949
1984,PGO24137445
1985,PGO24155455
1986,UGO24160074
1987,PGO24158519
1988,PGO24134262
1989,PGO24157748
1990,PGO24131757
1991,PGO2023122432
1992,PGO24130234
1993,UGO24141190
1994,UGO202368307
1995,PGOS24022
1996,UGO24164865
1997,UGO24166486
1998,PGO24139707
1999,PGO24150838
2000,UGO24137261
2001,UGO24143449
2002,PGO2023125601
2003,PGO24166766
2004,PGO2023104032
2005,UGO24158718
2006,PGO2023125483
2007,PGO24151289
2008,UGO24159073
2009,PGO2023110552
2010,PGO24125181
2011,PGO24159959
2012,PGO24154022
2013,PGO2023123692
2014,PGO24158108
2015,PGO24153936
2016,PGO202363960
2017,UGO2023126334
2018,PGO232166
2019,UGO2023119724
2020,PGO24166497
2021,UGO24161735
2022,PGO24145055
2023,PGO24159925
2024,PGO24157990
2025,UGO24143005
2026,PGO2023142716
2027,PGO24143927
2028,PGO24129798
2029,PGO24125516
2030,PGO24145809
2031,PGO24127307
2032,PGO24160433
2033,PGO24160804
2034,PGO24126905
2035,PGO2023104508
2036,PGO24153044
2037,PGO24156379
2038,PGO24160724
2039,PGO24160291
2040,UGO24165927
2041,UGO24141569
2042,UGO24143437
2043,PGO24142178
2044,PGO24133347
2045,PGO24153944
2046,PGO24169156
2047,PGO24142584
2048,PGO2023121460
2049,PGO24130312
2050,PGO24161251
2051,UGO24136290
2052,PGO24145381
2053,UGO24154478
2054,PGO24140829
2055,PGO24157675
2056,UGO24148683
2057,PGO24169147
2058,PGO2023103686
2059,PGO24166504
2060,UGOS24013
2061,PGO2023104434
2062,UGO24146739
2063,PGO2023105384
2064,UGO24151068
2065,PGO24154168
2066,UGO24162065
2067,PGO24167339
2068,PGO24149402
2069,PGO24141175
2070,PGO24139671
2071,PGO24167373
2072,PGO24142118
2073,PGO24138425
2074,PGO24154185
2075,PGO24149169
2076,PGO24168877
2077,PGO24139794
2078,UGO24167308
2079,PGO24135213
2080,PGO24154007
2081,UGO24142403
2082,PGO2023119054
2083,PGO24141828
2084,PGO24119489
2085,PGO24131860
2086,PGO24126735
2087,UGO24133600
2088,PGO24152899
2089,UGO24150041
2090,PGO24146661
2091,PGO24169207
2092,UGO24131423
2093,UGO24154813
2094,PGO24151764
2095,UGO24130374
2096,UGO24144766
2097,PGO2023123786
2098,PGO24147847
2099,PGO24151700
2100,PGO24126318
2101,PGO24154184
2102,UGO24111798
2103,PGO24136378
2104,UGOS24014
2105,PGO24126693
2106,UGO24150072
2107,PGO24150842
2108,PGO24136535
2109,UGO24149359
2110,PGO24130923
2111,PGO24141335
2112,UGO24144892
2113,PGO202346757
2114,PGO24152578
2115,UGO24158795
2116,PGO2023120169
2117,UGO2023107426
2118,UGO24164795
2119,PGO24145049
2120,UGO24162452
2121,PGO24127968
2122,PGO24155104
2123,UGOS24015
2124,UGO24151679
2125,PGO2023122346
2126,PGO24149736
2127,PGO24144421
2128,UGO24140085
2129,PGO24150156
2130,PGO2023124073
2131,PGO24128002
2132,PGO2023121794
2133,PGO24138194
2134,UGO24145438
2135,PGO2023125228
2136,PGO24149307
2137,PGO2023105705
2138,UGO24137674
2139,PGO2023123761
2140,PGO24148789
2141,PGO24159544
2142,PGO24159064
2143,UGO24157368
2144,PGO2023114887
2145,PGO2023112715
2146,UGO24145519
2147,UGO2452413
2148,PGO24133331
2149,UGO24141568
2150,PGO24143434
2151,PGO24169148
2152,PGO24127299
2153,UGO24134483
2154,PGO2023126129
2155,UGO24155783
2156,PGO24142454
2157,PGO24137483
2158,UGO24142493
2159,PGO24154088
2160,UGO24136991
2161,UGO24165817
2162,UGO24144296
2163,PGO24139994
2164,PGOS24023
2165,PGO24150741
2166,PGO24168924
2167,PGO24165795
2168,PGO24153492
2169,UGO24153536
2170,PGO24142927
2171,PGO2023108296
2172,UGO24137437
2173,PGO24160028
2174,PGOS24016
2175,UGO2023110835
2176,PGOS24017
2177,PGO24143161
2178,PGO24137891
2179,PGO24167173
2180,UGO24156470
2181,PGO2023107192
2182,PGO24153113
2183,UGO24153584
2184,PGO24147624
2185,PGO24148880
2186,PGO24150081
2187,PGO2023107525
2188,UGO2490999
2189,PGO24153671
2190,PGO24127269
2191,PGO202368311
2192,PGO2023116588
2193,PGOS24018
2194,PGO24120700
2195,UGO24142645
2196,UGO24158882
2197,PGO2023123269
2198,PGO24161352
2199,PGO24165094
2200,PGO24153588
2201,PGO24134463
2202,PGO2023104725
2203,UGO24167954
2204,UGO24162456
2205,PGO24133308
2206,PGO2023122937
2207,UGO24158521
2208,PGO2023120919
2209,PGO24168592
2210,PGO24127942
2211,PGO24134761
2212,UGO24160591
2213,UGO202349968
2214,PGO24143454
2215,PGO24140088
2216,PGO24148878
2217,PGO24142952
2218,PGO24152211
2219,PGO24154008
2220,PGO24149876
2221,UGO24142566
2222,UGO24157687
2223,UGO24159086
2224,PGO24156316
2225,PGO202370145
2226,UGO2023108212
2227,PGO2023112924
2228,UGO2023115293
2229,PGO2023125679
2230,PGO2023111813
2231,PGO24132832
2232,PGO2457117
2233,UGO24140578
2234,PGO24141295
2235,PGO24144321
2236,UGO24145279
2237,PGO202325321
2238,PGO24145546
2239,PGO24151515
2240,PGO24152924
2241,PGO24150984
2242,UGO24140883
2243,PGO24153583
2244,PGO24158767
2245,PGO24156225
2246,PGO24140109
2247,PGO24131863
2248,UGO24158799
2249,PGO24159677
2250,PGO24152078
2251,UGO24156050
2252,UGO2023107921
2253,PGO2023119734
2254,PGO2023122220
2255,UGO2023124619
2256,PGO2023124242
2257,UGO24128305
2258,PGO24160308
2259,PGO24140329
2260,PGO24162699
2261,PGO24149889
2262,PGO24162005
2263,PGO24161803
2264,PGO24169095
2265,PGO24153067
2266,UGO24168588
2267,UGO24139978
2268,UGO2023121697
2269,UGOS24003
2270,UGOS24005
2271,PGOS24011
2272,PGOS24012
2273,PGO2023117810
2274,PGO24157574
2275,PGO24160987
2276,UGO24165062
2277,PGO24169206
2278,PGO24150194
2279,UGO24100653
2280,PGO24165801
2281,PGO24169199
2282,PGO24158843
2283,UGO24141392
2284,UGO24115206
2285,PGO24169331
2286,PGO24166991
2287,PGO24159050
2288,PGO24222925
2289,PGO24227325
2290,PGO24239994
2291,PGO24204658
2292,PGO24238715
2293,PGOSY24002
2294,UGO24235564
2295,UGO24238632
2296,PGO24213748
2297,UGO24234672
2298,UGO24176962
2299,PGO24242626
2300,UGO24247659
2301,UGO24235495
2302,PGO24277627
2303,PGO24278326
2304,PGO24266383
2305,UGO24215084
2306,PGO24243902
2307,UGO24215843
2308,UGO24233490
2309,PGO24287682
2310,PGO24241134
2311,PGO24230345
2312,UGO24270272
2313,PGO24228178
2314,UGO24235028
2315,PGO24205688
2316,UGO24199069
2317,PGO24134883
2318,UGO24283423
2319,PGO24267536
2320,PGO24156528
2321,UGO24238879
2322,UGO24209652
2323,UGO24205649
2324,UGO24207754
2325,UGO24254910
2326,UGO24267802
2327,UGO24277964
2328,PGOJ24001
2329,PGO24262507
2330,UGO24287661
2331,PGOSY24003
2332,UGO24223981
2333,PGO24251449
2334,UGO24239242
2335,UGO24176501
2336,UGO24281259
2337,PGO24270644
2338,UGO24171774
2339,PGO24231907
2340,PGO24239044
2341,PGO24282756
2342,UGO24152916
2343,UGO24218411
2344,UGO24288805
2345,PGO24218679
2346,PGO24254070
2347,PGO24177430
2348,PGO24239654
2349,PGO24246672
2350,PGO24261367
2351,PGO24295096
2352,UGO24180923
2353,UGO24232981
2354,UGO24238814
2355,UGO24240087
2356,PGO24251055
2357,UGO24238194
2358,UGO24273396
2359,UGO24225480
2360,UGO24290367
2361,UGOS24054
2362,PGO24232298
2363,PGO24244142
2364,UGO24227298
2365,PGO24237523
2366,UGO24268765
2367,PGO24170456
2368,UGO24263992
2369,PGO24287377
2370,PGO24237430
2371,PGO24218450
2372,PGO24255883
2373,PGO24282471
2374,UGO24220078
2375,UGO24294491
2376,UGO24198813
2377,PGO24261880
2378,UGO24181335
2379,PGO24237492
2380,PGO24233892
2381,UGO24230057
2382,UGO24269610
2383,UGO24241015
2384,PGO24174969
2385,PGO24239552
2386,PGO24179142
2387,PGO24273215
2388,PGO24236366
2389,UGO24245075
2390,UGO24248674
2391,UGO24222852
2392,PGO24276139
2393,PGO24240211
2394,PGO24238037
2395,PGO24273723
2396,UGO24274187
2397,PGO24220038
2398,UGO24240242
2399,PGO24175416
2400,PGO24230060
2401,UGO24231279
2402,PGO24142537
2403,PGO24232474
2404,UGO24235798
2405,PGO24227352
2406,PGO24239469
2407,UGO24247482
2408,UGO24205543
2409,PGO24221827
2410,PGO24243217
2411,PGO24244552
2412,UGO24285309
2413,UGO24275724
2414,PGO24284325
2415,UGO24271198
2416,UGO24171299
2417,UGO24228512
2418,UGO24243343
2419,PGOJ24002
2420,UGO24210302
2421,PGO24282449
2422,PGO24265763
2423,PGO24235560
2424,PGO24287054
2425,PGO24253646
2426,PGO24270642
2427,UGO24284244
2428,PGO24291951
2429,UGO24213315
2430,PGO24229274
2431,UGO24246928
2432,UGO24246288
2433,PGO24235043
2434,UGO24181215
2435,UGO24218466
2436,PGO24173964
2437,PGO24268338
2438,PGO24250342
2439,UGO24180048
2440,PGO24142425
2441,PGO24237067
2442,PGO24235811
2443,PGO24262624
2444,UGO24249647
2445,PGO24199152
2446,UGO24254699
2447,PGO24175065
2448,PGOSY24004
2449,PGO24182577
2450,PGO24267838
2451,UGO24220242
2452,UGO24223864
2453,PGO24223363
2454,PGO24177719
2455,UGO24222998
2456,UGO24273678
2457,PGO24171478
2458,UGO24228460
2459,UGO24268232
2460,UGO24293462-1
2461,PGO24243346
2462,PGO24246306
2463,UGO24263281
2464,UGO24264205
2465,UGO24218771
2466,UGO24261934
2467,PGO24168891
2468,UGO24175776
2469,UGO24268727
2470,PGO24292944
2471,PGO24236785
2472,PGO24142278
2473,UGO24245714
2474,PGO24249619
2475,UGO24233538
2476,UGO24246422
2477,PGO24228516
2478,UGO24263806
2479,UGO24183546
2480,PGO24284916
2481,UGO24255717
2482,UGO24206668
2483,PGO24165803
2484,PGO24126910
2485,UGO24234857
2486,UGO24177267
2487,UGO24177808
2488,PGO24266024
2489,PGO24203906
2490,PGO24171379
2491,PGO24294441
2492,PGO24251370
2493,PGO24205350
2494,UGO24288084
2495,PGO24177065
2496,UGO24173211
2497,PGO24170792
2498,UGO24220650
2499,PGO24263841
2500,PGO24294689
2501,PGO24298927
2502,PGO24292233
2503,UGO24223364
2504,PGO24291438
2505,PGO24223194
2506,PGO24295216
2507,UGO24231671
2508,PGO24246554
2509,PGO24180049
2510,PGO24255646
2511,PGO24180738
2512,PGO24217539
2513,PGO24284429
2514,PGO24230033
2515,UGO24178560
2516,UGO24208970
2517,UGO24229020
2518,PGO24239943
2519,PGO24173074
2520,UGO24252551
2521,PGO24178965
2522,PGO24244052
2523,PGO24208338
2524,UGO24239075
2525,UGO24247101
2526,UGO24207308
2527,UGO24223406
2528,UGO24241812
2529,PGO24242057
2530,PGO24238476
2531,UGO24208829
2532,PGO24277337
2533,UGO24177699
2534,UGO24270111
2535,PGO24200501
2536,PGO24295070
2537,UGO24246248
2538,UGO24229059
2539,UGO24285298
2540,PGO24214574
2541,PGO24203282
2542,PGO24294494
2543,UGO24275978
2544,PGO24288445
2545,UGO24269841
2546,PGO24237019
2547,PGO24270899
2548,PGO24233531
2549,UGO24244539
2550,UGO24236387
2551,UGO24273130
2552,PGO24249607
2553,UGO24230618
2554,PGO24222538
2555,UGO24215319
2556,UGO24247533
2557,UGO24286472
2558,PGO24246698
2559,PGO24202328
2560,UGO24122928
2561,UGO24278243
2562,PGO24245951
2563,PGO24236393
2564,PGO24245139
2565,UGO202351430
2566,PGO24266229
2567,UGO24178400
2568,UGO24169597
2569,PGO24269584
2570,UGO24269355
2571,UGO24248187
2572,PGO24249991
2573,UGO24255218
2574,UGO24233440
2575,UGO24242493
2576,PGO24227283
2577,UGO24262481
2578,UGO24211813
2579,UGO24176094
2580,PGO24229629
2581,UGO24210333
2582,PGO24275263
2583,UGO24203380
2584,UGO24239949
2585,PGO24175130
2586,PGOS24057
2587,PGO24253254
2588,UGO24207783
2589,UGO24146782
2590,UGO24234682
2591,PGO24288517
2592,UGO24205683
2593,UGO24231876
2594,PGO24267346
2595,UGO24278060
2596,PGO24249041
2597,UGO24222338
2598,PGO24255728
2599,UGO24283672
2600,PGO24254395
2601,UGO24177411
2602,PGO24141462
2603,PGO24177919
2604,PGO24267469
2605,PGO24286471
2606,PGO24204377
2607,PGO24281564
2608,PGO24222762
2609,PGO24241816
2610,UGO24206873
2611,PGO24269196
2612,PGO24277576
2613,UGO24277656
2614,PGO24227793
2615,PGO24226661
2616,PGO24216533
2617,UGO24282517
2618,PGO24245057
2619,PGO24290671
2620,UGO24215674
2621,PGO24262957
2622,UGO24255863
2623,PGO24241199
2624,PGO24291715
2625,PGO24172089
2626,UGO24244677
2627,UGO24218209
2628,UGO24178197
2629,PGO24223888
2630,PGO24220247
2631,PGO24173765
2632,PGO24244167
2633,PGO24246513
2634,PGO24274992
2635,UGO24262059
2636,PGO24263778
2637,PGO24230880
2638,PGO24245614
2639,UGO24178072
2640,PGO24247603
2641,PGO24215328
2642,PGO24256317
2643,PGOS24056
2644,UGO24276096
2645,UGO24285297
2646,UGO24214170
2647,UGO24211281
2648,UGO24268557
2649,PGO24173860
2650,PGOJ24003
2651,UGO24268299
2652,PGO24292813
2653,UGO24282476
2654,UGO24238827
2655,PGO24203097
2656,PGO24204219
2657,PGO24294923
2658,UGO24211102
2659,UGO24233868
2660,PGO24270773
2661,UGO24230452
2662,UGO24176485
2663,UGO24290304
2664,PGO24246518
2665,PGO24243407
2666,PGO24249986
2667,PGO24253795
2668,PGO24255754
2669,PGOS24063
2670,PGO24248144
2671,UGO24209709
2672,UGO24210063
2673,UGO24241466
2674,PGO24223439-1
2675,PGO2477216
2676,PGO24238791
2677,PGO24254319
2678,PGO24250088
2679,UGO24267661
2680,PGO24246600
2681,PGO24245375
2682,UGO24288806
2683,PGO24289845
2684,UGO24201392
2685,PGO24291215
2686,UGO24242624
2687,UGO24205860
2688,PGO24244516
2689,PGO24292287
2690,UGO24228402
2691,PGO24202553
2692,UGO24240529
2693,UGO24288304
2694,UGO24223353
2695,PGO24183041
2696,PGO24241103
2697,UGO24267333
2698,PGO24244445
2699,PGO24265545
2700,UGO24287920
2701,PGO24248212
2702,PGO24249071
2703,PGO24205620
2704,UGO24254615
2705,PGO24253535
2706,PGO24224998
2707,UGO24220435
2708,PGO24176708
2709,UGO24247595
2710,UGO24200897
2711,UGO24222044
2712,PGO24250977
2713,UGO24226777
2714,UGO24218179
2715,UGO24234037
2716,PGO24237160
2717,UGO24263452
2718,UGO24218482
2719,UGO24274927
2720,UGO24228915
2721,UGO24291296
2722,PGO24172346
2723,UGO24180831
2724,PGO24215909
2725,PGO24215959
2726,PGO24282345
2727,UGO24223997
2728,PGOJ24004
2729,PGO24269917
2730,UGO24212772
2731,PGO24235347
2732,PGO24275290
2733,PGO24274220
2734,PGO24266872
2735,UGO24182228
2736,UGO24243541
2737,PGO24238419
2738,UGO24243679
2739,UGO24243355
2740,UGO24246290
2741,PGO24268741
2742,UGO24268625
2743,PGO24244724
2744,PGO24234253
2745,PGOJ24005
2746,PGO24225935
2747,PGO24162326
2748,PGO24270615
2749,UGO24264934
2750,PGO24228043
2751,PGOSY24005
2752,PGO24280666
2753,UGO24179783
2754,UGO24221122
2755,UGO24247575
2756,PGO24239936
2757,PGO24233508
2758,PGO24226475
2759,UGO24150082
2760,UGO24240511
2761,UGO24220010
2762,UGO24173558
2763,PGO24209110
2764,PGO24247206
2765,PGO24274515
2766,PGO24242633
2767,UGO24292041
2768,PGO24183513
2769,PGO24290062
2770,UGO24266050
2771,UGO24203983
2772,PGO24284331
2773,UGO24291056
2774,UGO24262173
2775,PGO24287105
2776,PGO24222357
2777,UGO24180748
2778,PGOS24053
2779,UGO24237858
2780,PGO24244242
2781,PGO24285004
2782,PGO24281019
2783,UGOS24058
2784,UGO24251820
2785,UGO24224289
2786,PGO24251111
2787,PGO24182404
2788,PGO24294004
2789,UGO24220107
2790,PGO24252776
2791,PGO24161114
2792,UGO24233248
2793,PGO24281324
2794,PGO24238555
2795,PGO24216617
2796,UGO24202073
2797,PGO24297146
2798,PGO24235351
2799,PGO24267073
2800,UGO24203777
2801,UGO24251079
2802,UGO24149999
2803,PGO24250305
2804,PGO24236748
2805,PGO24254945
2806,PGO24298391
2807,PGO24284323
2808,PGO24294092
2809,PGO24241452
2810,PGO24264786
2811,UGO24213741
2812,PGO24295491
2813,PGO24226881
2814,UGO24264913
2815,PGO24263460
2816,PGO24180298
2817,UGO24277694
2818,UGO24235249
2819,UGO24238144
2820,PGOJ24006
2821,PGO24262813
2822,PGO24175814
2823,UGO24277214
2824,PGO24220093
2825,PGO24254767
2826,UGO24233012
2827,UGO24180357
2828,UGO24273782
2829,PGO24275772
2830,UGO24291705
2831,UGO24275241
2832,PGO24238881
2833,PGO24136212
2834,UGO24208128
2835,PGO24179702
2836,PGO24222403
2837,PGO24228464
2838,PGO24243749
2839,PGO24214680
2840,PGO24223326
2841,UGO24220658
2842,PGO24235337
2843,PGOJ24018
2844,UGO24271154
2845,UGO24221970
2846,PGO24255270
2847,PGO24175302
2848,UGO24177259
2849,PGO24266419
2850,UGO24282409
2851,UGO24236511
2852,PGO24240230
2853,UGO24220638
2854,PGO24225749
2855,PGO24171179
2856,UGO24173755
2857,PGO24249728
2858,PGO24220549
2859,PGO24263299
2860,PGO24182750
2861,UGO24180830
2862,PGO24267225
2863,UGO24235354
2864,PGO24267416
2865,UGO24220487
2866,PGO24250233
2867,UGO24176143
2868,UGO24222846
2869,UGO24261379
2870,UGO24241579
2871,PGO24261842
2872,PGO24176593
2873,PGO24207177
2874,UGO24170006
2875,PGO24256318
2876,PGO24292288
2877,UGO24298732
2878,UGO24256288
2879,PGO24229451
2880,PGO24281604
2881,UGO24265423
2882,UGO24229595
2883,PGO24248336
2884,PGO24228066
2885,UGO24179029
2886,UGO24274157
2887,PGO24226724
2888,UGO24181360
2889,UGO24251010
2890,UGO24228890
2891,UGO24209466
2892,UGO24276179
2893,PGO24243441
2894,PGO24261364
2895,UGO24216514
2896,UGO24180439
2897,UGO24238817
2898,PGO24271152
2899,UGO24218546
2900,PGO24250249
2901,PGO24250980
2902,PGO24249718
2903,PGO24298551
2904,PGOJ24007
2905,PGO24220326
2906,UGO24271293
2907,PGOJ24008
2908,UGO24247099
2909,PGOSY24006
2910,PGO24298255
2911,PGO24276248
2912,PGO24295594
2913,PGO24298387
2914,PGO24245127
2915,PGO24298547
2916,PGO24293114
2917,UGO24180433
2918,UGO24211489
2919,UGO24234885
2920,UGO24181761
2921,PGO24243788
2922,PGO24239692
2923,PGO24210843
2924,PGO24293066
2925,UGO24207218
2926,PGO202337126
2927,PGO24242613
2928,PGO24298123
2929,UGO24226674
2930,UGO24242078
2931,PGO24171857
2932,UGO24254652
2933,UGO24254846
2934,PGO24238587
2935,UGO24229517
2936,UGO24243706
2937,PGOSY24007
2938,PGO24262515
2939,PGOSY24008
2940,PGO24234246
2941,PGO24177435
2942,PGOJ24009
2943,PGO24247207
2944,PGO24290608
2945,PGO24246421
2946,UGO24298100
2947,UGO24221295
2948,UGO24176592
2949,UGO24241599
2950,PGO24273529
2951,PGO2023160643
2952,PGO24199248
2953,UGO24233237
2954,UGO24177663
2955,PGO24276859
2956,PGO24270080
2957,PGO24278076
2958,UGO24247082
2959,UGO24218456
2960,PGO24278067
2961,PGO24249377
2962,PGO24172262
2963,UGO24263469
2964,PGO24298531
2965,PGO24208991
2966,UGO24274353
2967,UGO24293395
2968,PGO24291675
2969,PGO24255143
2970,PGO24290275
2971,PGO24254858
2972,UGO24169400
2973,PGO24253757
2974,PGO24243000
2975,PGO24221176
2976,UGO24264972
2977,PGO24227187
2978,PGO24220718
2979,PGO24167430
2980,PGO24284262
2981,PGO24237515
2982,PGO24245124
2983,PGO24221110
2984,PGOSY24009
2985,PGO24293000
2986,PGO24238842
2987,PGO24236898
2988,UGO24277919
2989,PGOSY24010
2990,UGO24176436
2991,PGO24297916
2992,PGO24267867
2993,PGO24172273
2994,PGO24217422
2995,UGO24170732
2996,PGO24150394
2997,UGO24261871
2998,PGO24240521
2999,PGO24251272
3000,UGO24280563
3001,UGO24281593
3002,UGO24225743
3003,UGO24246282
3004,UGO24289712
3005,UGOS24056
3006,UGO24297890
3007,PGO24282836
3008,PGOJ24010
3009,PGO24250019
3010,PGO24175713
3011,UGO24234811
3012,UGO24215838
3013,PGO24237688
3014,PGO24227981
3015,PGO24151784
3016,PGO24255789
3017,UGO24210586
3018,UGO24253208
3019,PGO24246343
3020,PGO24217494
3021,UGO24253763
3022,UGO24201675
3023,PGO24276207
3024,PGO24211899
3025,PGO24229095
3026,UGO24225732
3027,PGO24245338
3028,PGO24215963
3029,UGO24225936
3030,UGO24179566
3031,UGO24275472
3032,PGO24245140
3033,PGO24168926
3034,PGO24244064
3035,PGO24232975
3036,PGO24246326
3037,UGO24177566
3038,UGO24229572
3039,PGO24261869
3040,UGO24275092
3041,PGO24220532
3042,UGO24250337
3043,UGO24176469
3044,PGO24279314
3045,UGO24136222
3046,UGO24174957
3047,UGO24199094
3048,PGO24224995
3049,UGO24227714
3050,UGO2460449
3051,UGO24243692
3052,PGO24231128
3053,UGO24264557
3054,UGO24283947
3055,UGO24179676
3056,PGO24175359
3057,UGO24242194
3058,UGO24273383
3059,PGOSY24024
3060,PGO24237413
3061,UGO24293907
3062,PGO24216891
3063,PGOS24061
3064,PGOSY24011
3065,UGO24228987
3066,PGO24205225
3067,UGO24158811
3068,PGO24270120
3069,PGO24271276
3070,UGO24207471
3071,PGO24243467
3072,PGO24298134
3073,PGO24221234
3074,PGO24293492
3075,UGO24285069
3076,UGO24173859
3077,UGO24275450
3078,PGOS24058
3079,UGO24233941
3080,PGO24224897
3081,UGO24263942
3082,UGO24224631
3083,UGO24235724
3084,UGO24205176
3085,PGO24277625
3086,UGO24275474
3087,PGO24294369
3088,PGO24273486
3089,PGO24215585
3090,PGO24232501
3091,PGO24176721
3092,PGO24234777
3093,UGO24215840
3094,PGO24179391
3095,UGO24172348
3096,PGO24177041
3097,UGO24203229
3098,PGO24284258
3099,PGO24224677
3100,UGO24255199
3101,PGO24222408
3102,PGO24242459
3103,PGO24236944
3104,UGO24265559
3105,PGO24143878
3106,PGO24251353
3107,PGO24230556
3108,UGO24248340
3109,PGO24294568
3110,UGO24264709
3111,UGO24168124
3112,PGO24231704
3113,PGO24213668
3114,UGO24241810
3115,UGO24171139
3116,UGO24254765
3117,PGO24269069
3118,UGO24225605
3119,UGO24215078
3120,PGO24240973
3121,PGO24299231
3122,UGO24144836
3123,UGO24218200
3124,UGO24229481
3125,UGO24236520
3126,PGO24237483
3127,UGO24215481
3128,PGO24205295
3129,PGO24221119
3130,UGO24230353
3131,PGOJ24011
3132,PGO24234191
3133,UGO24209054
3134,UGO24223048
3135,UGO24275200
3136,PGO24274656
3137,PGO24142774
3138,PGO24283952
3139,PGO24180359
3140,PGO24204634
3141,PGO24234754
3142,UGO24234481
3143,PGO24234676
3144,PGO24267448
3145,UGO24173374
3146,UGO24249440
3147,PGOSY24012
3148,PGO24263870
3149,UGO24133892
3150,UGO24228506
3151,UGO24211337
3152,UGO24255855
3153,PGO24242051
3154,UGO24241575
3155,PGO24244137
3156,PGO24250326
3157,PGO24293725
3158,PGO24181833
3159,PGO24239058
3160,UGO24236367
3161,UGO24202280
3162,UGO24223394
3163,PGO24265982
3164,PGO24235745
3165,PGO24251347
3166,PGO24216029
3167,PGO24236360
3168,PGO24268149
3169,PGO24154568
3170,PGO24211894
3171,PGO24298537
3172,UGO24286526
3173,PGO24231245
3174,UGO24177497
3175,UGO24236409
3176,UGO24274176
3177,PGO24252025
3178,UGO24182315
3179,PGO24292057
3180,PGO24180310
3181,UGO24216847
3182,PGO24246122
3183,PGOSY24013
3184,UGO24228991
3185,PGO24223865
3186,PGO24207182
3187,PGO24233444
3188,PGO24204386
3189,PGO24233585
3190,UGO24249380
3191,UGO24273259
3192,UGO24216868
3193,UGO24225510
3194,PGOSY24014
3195,UGO24243186
3196,PGO24287041
3197,PGO24255241
3198,PGO24206121
3199,PGO24266643
3200,PGO2461725
3201,PGO24227109
3202,PGO24246676
3203,PGO24242604
3204,UGO24235048
3205,PGO24246384
3206,PGO24214194
3207,UGO24181327
3208,PGO24273624
3209,UGO24144793
3210,PGO24231294
3211,UGO24177639
3212,UGO24288317
3213,UGO24207335
3214,UGO24265819
3215,PGO24271491
3216,UGO24175861
3217,UGO24220169
3218,UGO24209808
3219,UGO24216945
3220,PGO24295707
3221,PGO24244761
3222,PGO24217961
3223,UGO24144319
3224,PGO24224910
3225,PGO24203977
3226,UGO24181270
3227,PGO24293069
3228,UGO24179420
3229,UGO24177691
3230,PGO24165457
3231,UGO24266627
3232,PGOJ24012
3233,UGO24229766
3234,PGO24243344
3235,UGO24173428
3236,UGO24236431
3237,PGO24237147
3238,PGO24240227
3239,PGO24236357
3240,UGO2023120353
3241,PGO24268205
3242,PGO24281596
3243,UGO24208906
3244,UGO24281444
3245,UGO24175784
3246,PGO24238686
3247,UGOS24051
3248,PGO24236939
3249,PGO24265792
3250,PGO24238864
3251,PGO24240915
3252,PGO24248925
3253,UGO24212068
3254,PGO24175358
3255,PGO24205331
3256,PGO24282455
3257,UGO24264743
3258,UGO24205190
3259,PGO24230175
3260,PGO24208414
3261,PGO24239737
3262,PGO24228549
3263,UGO24223448
3264,PGO24161628
3265,PGO24177449
3266,PGO24234236
3267,PGO24244759
3268,PGO24206947
3269,PGO24255137
3270,UGO24226647
3271,PGO24245647
3272,PGO24276801
3273,PGO24211397
3274,PGO24178068
3275,PGO24144657
3276,PGO24175745
3277,PGO24297058
3278,PGO24211841
3279,PGO24276277
3280,UGO24222316
3281,UGO24177528
3282,UGO24142565
3283,UGO24279449
3284,PGO24288398
3285,PGO24201266
3286,PGO24231977
3287,PGO24209739
3288,PGO24297933
3289,UGO24288649
3290,PGO24209027
3291,UGO24215418
3292,UGO24273498
3293,PGOJ24013
3294,UGO24254173
3295,UGO24231896
3296,PGO24229602
3297,PGO24201991
3298,PGO24231358
3299,UGO24173497
3300,PGO24298931
3301,PGO24253115
3302,PGO24216995
3303,UGO24224967
3304,UGO24242462
3305,PGOJ24014
3306,PGO24239939
3307,UGO24292840
3308,PGO24270078
3309,PGO24284833
3310,PGO24243270
3311,PGO24250296
3312,PGO24236968
3313,PGO24175029
3314,PGO24291623
3315,PGO24179446
3316,PGO24270972
3317,UGO24145338
3318,PGO24227279
3319,PGO24236466
3320,UGO24262051
3321,UGOS24059
3322,PGO24242627
3323,UGO24252964
3324,PGOJ24015
3325,PGO24265130
3326,PGO24172278
3327,PGO24273565
3328,PGO24295121
3329,UGOS24061
3330,PGO24294705
3331,PGO24223299
3332,PGO24247331
3333,PGO24241672
3334,UGO24250949
3335,PGO24157415
3336,PGO24173470
3337,PGO24298594
3338,UGO24236324
3339,PGO24223575
3340,PGO24250224
3341,UGO24267129
3342,PGO24231470
3343,PGO24176227
3344,PGO24290141
3345,UGO24282357
3346,PGO24173351
3347,UGO24251911
3348,UGO24265617
3349,UGO24205541
3350,PGO24227761
3351,UGO24250079
3352,PGO24160601
3353,UGO24239441
3354,UGO24247015
3355,UGO24124271
3356,UGO24151271
3357,UGO24277456
3358,PGO24225806
3359,UGO24225562
3360,UGO24231392
3361,PGO24235866
3362,UGO24241853
3363,UGO24298475
3364,PGO24231929
3365,UGO24249681
3366,PGO24262846
3367,UGO24220524
3368,UGO24294570
3369,PGO24125506
3370,PGO24276320
3371,PGO24298220
3372,PGO24245664
3373,UGO24177160
3374,PGO24139956
3375,PGO24247065
3376,PGO24232049
3377,UGO24213499
3378,UGO24232292
3379,PGO24221542
3380,PGO24295202
3381,PGO24228822
3382,UGO24281363
3383,UGO24291815
3384,UGO24211896
3385,PGO24272727
3386,UGO24181521
3387,PGO24178092
3388,UGO24230425
3389,PGO24235315
3390,PGO24274758
3391,UGO24172742
3392,UGO24172013
3393,UGO24250314
3394,UGO24176668
3395,UGO24176071
3396,PGOJ24016
3397,UGO24180392
3398,PGO24159523
3399,PGO24171850
3400,UGO24225879
3401,PGO24290282
3402,PGO24255747
3403,UGO24218401
3404,UGO24172005
3405,UGO24228884
3406,UGO24173128
3407,PGO24247105
3408,PGO24200313
3409,PGO24180375
3410,UGO24209575
3411,PGO24233893
3412,PGO24264037
3413,PGO24226882
3414,UGO24216213
3415,PGO24231753
3416,PGO24205354
3417,UGO24169202
3418,UGO24244416
3419,PGO24276510
3420,PGO24220903
3421,PGO24160023
3422,PGO24253625
3423,UGO24178475
3424,PGO24216706
3425,PGO24242582
3426,UGO24228983
3427,PGO24298524
3428,UGO24173988
3429,UGO24232546
3430,PGO24239018
3431,PGOJ24017
3432,UGO24200871
3433,PGO24271376
3434,PGO24294065
3435,UGO24224808
3436,UGO24199379
3437,UGO24272778
3438,PGO24266685
3439,UGO24266862
3440,UGO24273922
3441,UGO24268740
3442,UGO24201380
3443,PGO24262659
3444,UGO24274602
3445,UGO24243829
3446,PGO24180119
3447,UGOSY24001
3448,PGO24208924
3449,PGO24276494
3450,PGOJ24019
3451,PGO24268862
3452,PGO24251149
3453,PGO24168798
3454,PGO24245078
3455,UGO24253700
3456,UGO24172084
3457,UGO24157501
3458,PGO24208171
3459,UGO24234985
3460,UGO24291624
3461,UGO24217196
3462,UGO24229310
3463,PGO24265758
3464,PGO24239542
3465,PGO24225472
3466,UGO24291740
3467,PGO24201733
3468,PGO24175146
3469,UGO24274581
3470,PGO24277248
3471,PGO24172371
3472,PGO24291419
3473,PGO24291455
3474,PGO24179738
3475,UGO24208003
3476,UGO24250152
3477,UGO24237440
3478,PGO24274474
3479,PGO24238716
3480,UGO24231403
3481,PGO24263963
3482,UGO24231694
3483,UGO24255641
3484,UGO24235280
3485,UGO24290156
3486,UGO24273514
3487,PGO24241246
3488,UGO24232971
3489,UGO24268302
3490,PGO24252730
3491,UGO24223389
3492,UGO24244287
3493,PGO24139781
3494,PGO24264132
3495,PGO24213693
3496,PGO24295126
3497,PGO24290242
3498,UGO24175221
3499,UGO24241539
3500,UGO24177714
3501,UGO24178253
3502,UGO24236362
3503,UGO24238779
3504,PGO24130126
3505,PGO24222266
3506,PGO24223952
3507,UGO24232402
3508,PGO24254661
3509,PGOJ24020
3510,PGOJ24021
3511,PGO24211314
3512,UGO24172792
3513,PGO24199354
3514,PGO24242999
3515,PGO24298269
3516,PGO24229513
3517,PGO24172071
3518,PGO24255174
3519,PGO202395533
3520,PGO24133671
3521,PGO24229601
3522,PGO24231380
3523,PGO24266233
3524,PGO24251877
3525,UGO24244092
3526,UGO24222647
3527,PGO24224912
3528,PGO24293080
3529,UGO24270154
3530,UGO24277974
3531,PGO24176529
3532,PGO24274284
3533,UGO24236513
3534,PGO24157941
3535,PGO24199571
3536,PGO24298474
3537,UGO24233250
3538,PGO24233438
3539,PGO24267134
3540,UGO24267464
3541,UGO24231330
3542,PGO24180057
3543,PGOS24052
3544,PGO202362908
3545,PGO24252687
3546,PGO24237482
3547,PGO24179244
3548,UGO24181580
3549,PGO24243340
3550,UGO24254358
3551,UGO24268722
3552,UGO24218719
3553,PGO24175993
3554,UGO24231254
3555,PGO24237275
3556,PGO24298358
3557,PGO24238592
3558,PGO24220564
3559,UGO24183324
3560,PGO24218664
3561,UGO24278691
3562,PGO24223598
3563,PGO24268181
3564,UGO24220609
3565,UGO24238535
3566,PGO24239649
3567,PGO24211128
3568,UGO24213730
3569,UGO24224968
3570,PGO202343966
3571,UGO24268368
3572,UGO24233909
3573,PGO24153133
3574,PGO24213254
3575,PGO24273185
3576,PGO24241775
3577,PGO24267189
3578,PGO24297607
3579,UGO24250929
3580,UGO24177575
3581,UGO24173599
3582,PGO24113402
3583,PGO24175566
3584,UGO24235912
3585,UGO24214937
3586,PGO24264850
3587,PGO24178086
3588,PGO24252470
3589,UGO24107860
3590,UGO24237730
3591,PGO24229003
3592,PGO24238619
3593,PGO24244762
3594,UGO24238626
3595,PGO24123419
3596,PGO24288827
3597,UGO24223471
3598,PGO24225514
3599,PGO24174988
3600,PGO24239192
3601,PGO24245123
3602,PGO24291837
3603,UGO24270943
3604,PGO24176702
3605,PGO24180355
3606,PGO24231726
3607,PGO24269209
3608,PGO24275810
3609,UGO24292043
3610,UGO24292284
3611,UGO24235793
3612,UGO24239514
3613,UGO24239567
3614,PGO24294971
3615,PGO24224678
3616,PGO24268085
3617,UGO24241042
3618,PGO24284335
3619,PGO24226761
3620,PGO24210940
3621,UGO24235049
3622,PGO24244764
3623,PGO24211706
3624,UGO24255813
3625,PGO24243810
3626,PGOJ24022
3627,UGO24180144
3628,PGO24235281
3629,PGO24252346
3630,UGO24276099
3631,PGO24245030
3632,UGO24244810
3633,PGO24210449
3634,PGO24230118
3635,PGO24268763
3636,PGO24230393
3637,PGO24278018
3638,PGO24294584
3639,PGO24203007
3640,UGO24290673
3641,PGO24231270
3642,UGO24252108
3643,PGO24237177
3644,PGO24293566
3645,UGO24244738
3646,PGO24252535
3647,PGO24228970
3648,UGO24226729
3649,UGO24248795
3650,UGO24292407
3651,UGO24268119
3652,PGO24174821
3653,PGO24234019
3654,PGO24237172
3655,UGO24251075
3656,UGO24277377
3657,PGO24240880
3658,UGO24205968
3659,UGO24207451
3660,UGO24292481
3661,UGO24226833
3662,UGO24213605
3663,UGO24218070
3664,PGO24179769
3665,PGOJ24023
3666,UGO24178779
3667,UGO24269310
3668,PGO24291945
3669,UGO24247781
3670,PGO24290461
3671,PGO24266715
3672,UGO24276290
3673,UGO24231945
3674,UGO24270602
3675,UGO24231721
3676,UGO24233985
3677,UGO24242089
3678,PGO24206603
3679,UGO24170533
3680,PGO24176493
3681,PGO24217108
3682,UGO24173184
3683,PGO24245649
3684,PGO24294010
3685,PGOSY24016
3686,UGO24266021
3687,PGO24179406
3688,UGO24234487
3689,PGO24220187
3690,UGO24246212
3691,PGO24272678
3692,UGO24205601
3693,PGO24239626
3694,PGO24209902
3695,UGO24226642
3696,PGO24208556
3697,UGO24214395
3698,PGO24255012
3699,UGO24203298
3700,UGO24263893
3701,UGO24210418
3702,UGO24224496
3703,PGO24296887
3704,PGO24245666
3705,PGO24286993
3706,UGO24175121
3707,PGO24239706
3708,UGO24238889
3709,PGO24207276
3710,PGO24273955
3711,PGO24290302
3712,PGO24202234
3713,UGO24180124
3714,UGO24171134
3715,UGO24269061
3716,PGO24269618
3717,UGO24199504
3718,UGO24202643
3719,PGO24182466
3720,PGO24240881
3721,PGOJ24024
3722,PGO24231315
3723,UGO24228571
3724,PGO24235356
3725,UGO24183486
3726,PGO24177495
3727,UGO24229515
3728,PGO24236719
3729,UGO24295223
3730,PGO24208018
3731,PGO24225506
3732,PGO24233063
3733,PGO24216124
3734,PGO24238452
3735,PGO24293262
3736,UGO24222306
3737,PGO24233533
3738,PGO24253676
3739,UGO24207348
3740,UGO24254241
3741,PGO24285485
3742,UGO24199213
3743,UGO24179555
3744,PGO24291460
3745,PGOJ24025
3746,UGO24209126
3747,PGO24220556
3748,PGO24294134
3749,PGO2461706
3750,PGOSY24017
3751,PGO24290692
3752,PGO24298727
3753,UGO24171099
3754,PGO24227200
3755,UGO24247955
3756,UGO24232299
3757,UGO24248677
3758,PGO24290761
3759,UGO24225197
3760,UGO24220603
3761,PGO24254208
3762,UGO24180991
3763,UGO24270145
3764,PGO24234238
3765,UGO24283679
3766,PGO24291719
3767,UGO24225520
3768,PGO24292835
3769,PGO24221475
3770,UGO24203634
3771,PGO24239364
3772,UGO24228938
3773,PGO24262635
3774,PGO24232937
3775,PGO2443602
3776,PGO24295476
3777,UGO24243689
3778,UGO24277260
3779,UGO24177496
3780,UGO24253093
3781,UGO24175127
3782,UGO24242275
3783,PGO24206549
3784,UGO24256330
3785,UGO24207116
3786,PGO24274249
3787,PGO24254138
3788,UGO24239771
3789,UGO24247233
3790,PGO24252494
3791,UGO24225883
3792,UGO24214526
3793,PGO24207331
3794,PGO24264997
3795,UGO24178165
3796,PGO24243821
3797,PGO24262072
3798,PGO24253809
3799,UGO24242614
3800,PGO24276154
3801,PGO24282844
3802,PGO24287510
3803,UGO24277818
3804,PGO24262196
3805,UGO24235976
3806,UGO24103850
3807,PGO24228071
3808,UGO24204676
3809,UGO24160146
3810,UGO24292052
3811,PGO24228468
3812,PGO24175540
3813,UGO24252483
3814,UGO24295164
3815,UGO24231882
3816,PGO24275608
3817,PGO24242628
3818,PGO24291110
3819,UGO24225513
3820,PGO24279305
3821,UGO24270743
3822,UGO24241802
3823,UGO24171209
3824,PGO24284889
3825,UGO24210494
3826,PGO24248471
3827,PGOJ24026
3828,UGO24256097
3829,UGO24269750
3830,UGO24272723
3831,PGO24211163
3832,PGO24249999
3833,UGO24224911
3834,PGO24218688
3835,UGO24178218
3836,UGO24276102
3837,UGO24287194
3838,PGO24247556
3839,PGO24154569
3840,PGO24236739
3841,PGO24264793
3842,UGO24289635
3843,UGO24287980
3844,PGO24246269
3845,PGO24241845
3846,UGO24246932
3847,PGOS24062
3848,PGO24245892
3849,UGO24247568
3850,PGO24263801
3851,PGOS24060
3852,PGO24251519
3853,UGO24246688
3854,PGO24268180
3855,UGO24297070
3856,PGO24279491
3857,PGO24291627
3858,UGO24220801
3859,UGO24268373
3860,PGO24250000
3861,PGO24236074
3862,UGO24270524
3863,UGO24199663
3864,UGO24200563
3865,UGO24269858
3866,UGOS24055
3867,PGO24231944
3868,PGO24292283
3869,PGO24243009
3870,UGO24148540
3871,UGO24218708
3872,PGO24172741
3873,UGO24227119
3874,UGO24202289
3875,UGO24234782
3876,PGO24268167
3877,PGO24294993
3878,PGO24242649
3879,PGO24263784
3880,PGO24232978
3881,UGO24238470
3882,UGO24208903
3883,PGO24211715
3884,PGO24151890
3885,UGO24277817
3886,UGO24171697
3887,PGO24278992
3888,UGO24217784
3889,UGO24295295
3890,PGO24177028
3891,UGO24236402
3892,PGO24206566
3893,PGO24171890
3894,PGO24270568
3895,PGO24281513
3896,PGO24176688
3897,PGO24225647
3898,PGO24229276
3899,PGO24146656
3900,PGO24207633
3901,UGO24172023
3902,PGO24238787
3903,PGO24267415
3904,PGO24229260
3905,PGO24282559
3906,PGO24139944
3907,PGO24290166
3908,PGO24250231
3909,PGO24233230
3910,UGO24266084
3911,UGO24248190
3912,PGO24175576
3913,PGO24182786
3914,PGO24261363
3915,PGO24247132
3916,PGO24290733
3917,UGO24295237
3918,PGO24237611
3919,PGO24177896
3920,PGO24235835
3921,PGO24246322
3922,UGO24181016
3923,PGO24245408
3924,UGO24242043
3925,PGO24265793
3926,UGO24216953
3927,PGO24224099
3928,UGO24217969
3929,PGO24231301
3930,UGO24211048
3931,UGO24233414
3932,UGO24232958
3933,UGO24177821
3934,PGO24144171
3935,PGO24237068
3936,PGO24289887
3937,UGO24273923
3938,PGO24199436
3939,UGO24251899
3940,PGO24294619
3941,PGO24235929
3942,PGO24237845
3943,PGO24270179
3944,UGO24235819
3945,PGO24165808
3946,UGO24182553
3947,PGO24291731
3948,UGO24203517
3949,UGO24237648
3950,UGO24252745
3951,PGO24171875
3952,UGO24177880
3953,PGO24208913
3954,UGO24269262
3955,PGO24180929
3956,UGO24277522
3957,UGO24240182
3958,PGO24239123
3959,PGO24269551
3960,PGO24268054
3961,PGO24276817
3962,PGO24215402
3963,UGO24240567
3964,PGO24240024
3965,PGO24215064
3966,PGO24131119
3967,PGO24175171
3968,UGO24215088
3969,UGO24229826
3970,PGO24167645
3971,PGO24248774
3972,PGO24245670
3973,PGO24275831
3974,UGO24240019
3975,PGO24254700
3976,PGO24181014
3977,PGO24175743
3978,UGO24244225
3979,PGO24292001
3980,PGO24272701
3981,PGO24285475
3982,PGO24272764
3983,UGO24249019
3984,PGO202349294
3985,PGO24226676
3986,PGOSY24018
3987,UGO24253089
3988,PGO24181117
3989,UGO24208828
3990,PGO24293464
3991,UGO24175283
3992,UGO24174970
3993,UGO24215526
3994,UGO24228465
3995,UGO24228544
3996,PGO24267219
3997,PGO24294761
3998,PGO24291384
3999,UGO24283948
4000,PGO24223876
4001,PGO24241566
4002,PGO24249038
4003,PGO24253778
4004,UGO24230320
4005,UGO24277306
4006,UGO24179437
4007,UGO24211661
4008,PGO24181536
4009,UGO24146323
4010,UGO24239508
4011,PGO24252537
4012,PGO24238688
4013,UGO24212920
4014,UGO24291343
4015,PGO24138413
4016,PGO24266323
4017,PGO24222691
4018,PGO24231524
4019,PGO24213808
4020,PGO24178942
4021,PGO24267497
4022,PGO24277966
4023,UGO24178032
4024,PGO24261491
4025,PGO24298347
4026,UGO24177305
4027,UGO24215996
4028,UGO24290808
4029,PGO24294555
4030,UGO24236277
4031,PGO24268121
4032,UGO24221462
4033,PGO24240997
4034,UGO24171161
4035,UGO24244505
4036,UGO24229474
4037,UGO24208207
4038,PGO24276140
4039,PGO24296849
4040,UGOS24052
4041,PGOS24059
4042,PGO24276357
4043,PGO2442595
4044,PGO24173533
4045,PGO24267704
4046,UGO24228804
4047,UGO24206145
4048,PGO24298535
4049,PGO24237711
4050,UGO24172740
4051,UGO24204439
4052,UGO24282481
4053,PGO24250341
4054,UGO24220979
4055,PGO24236215
4056,PGO24249043
4057,UGO24203836
4058,PGO24228812
4059,PGO24298521
4060,UGO24275563
4061,PGO24202354
4062,UGO24246190
4063,UGO24216784
4064,PGO24121026
4065,PGO24206614
4066,PGO24283967
4067,UGO24176857
4068,PGO24217245
4069,PGO24298534
4070,UGO24277920
4071,UGO24233926
4072,UGO24265358
4073,PGO24292135
4074,UGO24242657
4075,UGO24210088
4076,PGO24233016
4077,PGO24232956
4078,UGOSY24002
4079,PGO24291488
4080,PGO24243115
4081,UGO24239971
4082,UGO24287476
4083,PGO24281468
4084,PGO24272885
4085,PGO24256108
4086,UGO24222453
4087,UGO24243016
4088,PGO24266792
4089,PGO24203954
4090,UGO24235324
4091,PGO24202688
4092,PGO24221774
4093,UGO24208651
4094,UGO24265163
4095,UGO24153897
4096,UGO2474261
4097,UGO24218194
4098,UGO24281117
4099,UGO24221959
4100,PGO24230851
4101,PGOJ24027
4102,PGO24237975
4103,UGO24173187
4104,PGO24180366
4105,UGO24267359
4106,PGO24269100
4107,PGO24180061
4108,UGO24241591
4109,UGO24166024
4110,PGO24179718
4111,UGO24223433
4112,PGO24227349
4113,UGO24177767
4114,PGO24229458
4115,UGO24182978
4116,UGO24274279
4117,PGO24254075
4118,PGO24269884
4119,UGO24256188
4120,PGO24249075
4121,UGO24242470
4122,UGO24273566
4123,UGO24235897
4124,UGO24275988
4125,PGO24248813
4126,UGO24168432
4127,UGO24203852
4128,PGO24166958
4129,PGOSY24019
4130,PGO24254406
4131,PGO24235046
4132,PGO24245345
4133,UGO24251871
4134,UGO24277765
4135,PGO24270641
4136,PGO24244100
4137,UGO24150840
4138,PGO24239657
4139,UGO24266000
4140,PGO24218885
4141,UGO24175947
4142,PGO24276433
4143,UGO24230133
4144,PGO24241773
4145,UGO24268298
4146,PGO24172660
4147,UGO24264898
4148,UGO24215075
4149,PGO24270932
4150,PGO24292249
4151,UGO24247562
4152,PGO24230577
4153,PGO24292263
4154,PGOSY24020
4155,UGO24238153
4156,PGO24208814
4157,PGO24254631
4158,PGO24249081
4159,PGO24224025
4160,PGO24264928
4161,UGO24269806
4162,PGO24239652
4163,PGO24297599
4164,PGO24213880
4165,PGO24268152
4166,PGO24178636
4167,PGO24272728
4168,PGO24265000
4169,UGO24199475
4170,PGO24254768
4171,PGO24269212
4172,PGO24284309
4173,UGO24203945
4174,UGO24279115
4175,PGO24245600
4176,PGO24274023
4177,UGO24214232
4178,PGO24239942
4179,UGO24244750
4180,PGO24233889
4181,PGO24253615
4182,UGO24142441
4183,PGO24230698
4184,PGO24233083
4185,UGO24274493
4186,PGO24270548
4187,UGO24182861
4188,UGO24173251
4189,UGO24178297
4190,UGO24252731
4191,PGO24172246
4192,PGO24165791
4193,UGO24272748
4194,PGO24263933
4195,PGO24264854
4196,PGO24231257
4197,UGO24265424
4198,UGO24182371
4199,PGO24254815
4200,UGO24273518
4201,PGO24220142
4202,UGO24172143
4203,UGO24227737
4204,UGO24216959
4205,PGO24253517
4206,UGO24225213
4207,PGO24275952
4208,UGO24245783
4209,PGO24231381
4210,UGO24214362
4211,UGO24224082
4212,PGO24176742
4213,PGO24279091
4214,PGO24234544
4215,PGO24227766
4216,PGO24231265
4217,PGO24249589
4218,PGO24231383
4219,PGO24218741
4220,PGO24262122
4221,PGO24263207
4222,PGO24176626
4223,PGO24222789
4224,PGO24275777
4225,PGO24250749
4226,UGO24227796
4227,PGO24244166
4228,PGO24239685
4229,UGO24270459
4230,PGO24254913
4231,PGO24227972
4232,UGO24270761
4233,PGOSY24021
4234,PGO24290007
4235,PGO24265538
4236,PGO24245321
4237,PGO24285592
4238,UGO24244120
4239,UGO24237924
4240,PGO24232811
4241,UGO24217858
4242,PGO2023117486
4243,UGO24241036
4244,PGO24230061
4245,UGO24272906
4246,PGO24179926
4247,PGO24222038
4248,UGO24264883
4249,UGO24287649
4250,PGO24232793
4251,PGO24230081
4252,UGO24177825
4253,PGO24249746
4254,PGO24239519
4255,UGO24234200
4256,UGO24232787
4257,UGO24177439
4258,PGO24294040
4259,UGO24277772
4260,PGO24231112
4261,UGO24249513
4262,UGO24181410
4263,PGOS24055
4264,PGO24270947
4265,UGO24159300
4266,UGO24282494
4267,UGO24253659
4268,UGO24273086
4269,PGOJ24028
4270,PGO24178304
4271,PGO24216331
4272,PGO24200257
4273,PGO24178388
4274,PGO24238574
4275,PGO24262557
4276,UGO24276335
4277,UGO24209730
4278,PGO24223533
4279,PGO24226849
4280,UGO24298538
4281,UGO24255162
4282,PGO24223273
4283,PGO24253476
4284,UGO24223931
4285,PGO24246495
4286,PGO24225905
4287,PGO24244784
4288,PGO24247183
4289,PGO24291365
4290,UGO24171691
4291,UGO24169468
4292,UGO24178477
4293,UGO24267441
4294,UGO24175058
4295,UGO24178898
4296,PGO24265592
4297,PGO24231909
4298,PGO24224963
4299,PGO24208358
4300,UGO24268055
4301,UGO24170387
4302,UGO24170845
4303,PGO202356694
4304,UGO24181929
4305,PGO24246179
4306,UGO24262751
4307,PGO24250713
4308,PGO24248757
4309,PGO24234327
4310,PGO24165478
4311,PGO24218823
4312,UGO24210859
4313,PGO24245352
4314,UGO24254837
4315,PGO24290387
4316,PGO24230600
4317,PGO24155766
4318,UGO24241951
4319,UGO24208916
4320,PGO24295272
4321,UGO24230596
4322,UGO24180404
4323,PGO24177682
4324,UGO24159794
4325,PGO24286569
4326,UGO24234278
4327,PGO24230204
4328,PGO24290197
4329,UGO24180654
4330,PGO24136428
4331,PGO24235378
4332,PGO24121481
4333,UGO24250825
4334,PGOJ24029
4335,UGO24291954
4336,UGO24264816
4337,PGO24286899
4338,UGO24224560
4339,PGO24247526
4340,PGO24253660
4341,UGO24213848
4342,UGO24244648
4343,PGO24290552
4344,UGO24180819
4345,PGO24236717
4346,PGO24244735
4347,PGO24228559
4348,PGO24171039
4349,UGO24249644
4350,UGO24177960
4351,UGO24228808
4352,PGO24290218
4353,UGO24297230
4354,PGO24230438
4355,UGO24281361
4356,PGO24171731
4357,PGO24180002
4358,UGO24236388
4359,PGO24238872
4360,PGO24298711
4361,PGO24175003
4362,PGOJ24030
4363,UGO24248767
4364,UGO24175524
4365,PGO24233442
4366,PGO24291442
4367,PGO24245334
4368,PGO24284044
4369,UGO24230150
4370,PGO24140667
4371,PGO24271097
4372,PGO24223544
4373,UGO2467488
4374,UGO24250307
4375,UGO24215456
4376,PGO24200469
4377,PGO24253272
4378,PGO24182502
4379,PGO24241809
4380,PGO24173967
4381,UGO24251193
4382,PGO24222823
4383,PGO24277027
4384,PGO24275817
4385,PGO24244252
4386,UGO24209431
4387,PGO24253816
4388,PGO24207500
4389,UGO24247067
4390,PGO24262710
4391,PGO24217983
4392,UGO24235968
4393,PGO24140137
4394,UGO24243286
4395,PGO24228363
4396,UGO24145767
4397,UGO24233081
4398,PGO24248927
4399,UGO24203985
4400,PGO24288863
4401,UGO24261587
4402,UGO24267674
4403,PGO24233741
4404,UGO24254840
4405,PGO24282761
4406,UGO24297935
4407,UGO24215170
4408,PGO24251412
4409,PGO24150046
4410,PGO24225687
4411,PGO24242672
4412,PGO24229471
4413,PGO24254711
4414,UGO24206941
4415,PGO24245160
4416,UGO24243780
4417,PGO24213721
4418,UGO24178460
4419,UGO24287645
4420,UGO24232271
4421,UGO24248463
4422,PGO24281432
4423,UGO24224092
4424,PGO24253549
4425,UGO24256435
4426,PGO24220296
4427,PGO24237898
4428,PGO24247121
4429,PGO24215856
4430,UGO24239506
4431,PGO24294727
4432,UGOS24057
4433,PGO24271187
4434,UGO24261961
4435,UGO24227237
4436,PGOJ24031
4437,PGOS24051
4438,UGO24225089
4439,UGO24230874
4440,UGO24286486
4441,UGO24254788
4442,PGO24231106
4443,UGO24236383
4444,UGO24214962
4445,PGO24276165
4446,PGO24175627
4447,PGOJ24032
4448,PGO24243341
4449,UGO2461564
4450,PGO24276097
4451,PGO24230504
4452,PGO24278209
4453,PGO24244024
4454,PGO24251520
4455,PGO24214684
4456,PGO24235179
4457,UGO24158222
4458,UGO24228004
4459,UGO24249678
4460,UGO24280273
4461,PGO24292059
4462,PGO24238695
4463,UGOS24053
4464,PGO24252318
4465,UGO24223013
4466,UGO24213594
4467,UGO24290576
4468,UGO24251968
4469,PGO24215532
4470,PGO24248999
4471,PGO24232044
4472,UGO24202479
4473,PGO24177696
4474,UGO24276864
4475,PGO24274337
4476,UGO24240533
4477,UGO24247026
4478,PGO24276135
4479,PGO24241180
4480,UGO24273104
4481,PGO24251019
4482,PGO24225663
4483,UGO24180708
4484,PGO24250985
4485,PGO24244306
4486,UGO24274359
4487,PGO24239662
4488,PGO24228384
4489,PGO24284703
4490,PGO24290299
4491,PGO24146796
4492,PGO24220820
4493,UGO24298133
4494,PGO24246295
4495,PGO24276469
4496,PGO24249726
4497,PGO24205186
4498,PGO24218329
4499,UGO24201767
4500,PGO24214446
4501,UGO24249486
4502,PGO24238685
4503,PGO24141883
4504,PGOJ24033
4505,UGO24235691
4506,PGO24249902
4507,PGO24294952
4508,UGO24263284
4509,PGO24251931
4510,PGO24180101
4511,UGO24215548
4512,PGO24254677
4513,PGO24232766
4514,UGO24254565
4515,PGO24244148
4516,PGO24264553
4517,PGOS24054
4518,UGO24236555
4519,UGO24252434
4520,PGO24293288
4521,PGO24263944
4522,PGO24208482
4523,PGO24181844
4524,UGO24228072
4525,PGO24275024
4526,PGO24265549
4527,PGO24235312
4528,PGO24264449
4529,UGO24200389
4530,UGO24296384
4531,UGO24180356
4532,PGO24241482
4533,PGO24228368
4534,UGO24250017
4535,UGO24269641
4536,UGO24237456
4537,PGO24251308
4538,PGO24223379
4539,PGO24278996
4540,UGO24255786
4541,UGO24209095
4542,PGO24175609
4543,PGO24202247
4544,UGO24262527
4545,UGO24232272
4546,UGO24278688
4547,UGO24202871
4548,PGO24242590
4549,UGO24290215
4550,PGO24255879
4551,UGO24228982
4552,PGO24213999
4553,UGO24175277
4554,PGO24237432
4555,UGO24172752
4556,PGO24278235
4557,UGO24221049
4558,PGO24262628
4559,UGO24204092
4560,UGO24226888
4561,UGO24205689
4562,UGO24271135
4563,UGO24174992
4564,UGO24283372
4565,UGO24201090
4566,UGO24293979
4567,PGO24254679
4568,PGO24161048
4569,PGO24198864
4570,UGO24168539
4571,UGO24235406
4572,UGO24282851
4573,UGO24264545
4574,PGO24253036
4575,PGO24175306
4576,UGO24284271
4577,UGO24269821
4578,UGO24272667
4579,UGO24276299
4580,PGO24243520
4581,PGO24207250
4582,PGO24283353
4583,UGO24183244
4584,UGO24246253
4585,UGO24224007
4586,PGO24247794
4587,UGO24140648
4588,PGO24239699
4589,UGO24266587
4590,PGO24210369
4591,UGO24220561
4592,UGO24256375
4593,PGO24237991
4594,PGO24238920
4595,UGO24223666
4596,UGO24247326
4597,UGO24287943
4598,UGO24243747
4599,PGO24244555
4600,UGO24269559
4601,PGO24276873
4602,UGO24294384
4603,PGO2446036
4604,PGO24277803
4605,PGO24283501
4606,PGO24205431
4607,UGO24201513
4608,PGO24214361
4609,PGO24237600
4610,UGO24173055
4611,UGO2438126
4612,UGO24232567
4613,PGO24169612
4614,PGO24208813
4615,UGO24215880
4616,UGO24241065
4617,UGO24240036
4618,UGO24289922
4619,PGO24276252
4620,PGO24245923
4621,PGOSY24022
4622,UGO24231113
4623,UGO24210086
4624,PGO24264117
4625,PGO24250604
4626,PGO24298929
4627,PGO24235803
4628,UGO24253790
4629,PGO24237985
4630,PGO24269890
4631,PGO24198892
4632,UGO24254074
4633,PGO24235278
4634,UGO2023103119
4635,UGO24271143
4636,PGO24268137
4637,UGO24221846
4638,UGO24232944
4639,PGO24298130
4640,UGO24140556
4641,PGO24253797
4642,UGO24239517
4643,PGO24262281
4644,UGO24200885
4645,PGO24244057
4646,UGO24250324
4647,UGO24207396
4648,UGO24275607
4649,UGO24294122
4650,PGO24270222
4651,UGOS24060
4652,PGO24261467
4653,UGO24214488
4654,PGO24271257
4655,UGO24211270
4656,UGO24205421
4657,UGO24248888
4658,PGO24220986
4659,PGO24237089
4660,PGO24246227
4661,PGO24240257
4662,UGO24222548
4663,PGO24270332
4664,PGOSY24023
4665,UGO24240118
4666,PGO24254712
4667,PGO24212851
4668,UGO24270752
4669,PGO24252614
4670,PGO24172363
4671,UGO24220055
4672,UGO24211201
4673,PGO24176447
4674,PGO24262618
4675,PGO24290578
4676,PGO24294472
4677,PGO24289093
4678,PGO24294964
4679,PGO24292366
4680,PGO24294543
4681,UGO24281630
4682,UGO24284344
4683,UGO24221116
4684,UGO24294348
4685,UGO24235799
4686,UGO24291969
4687,UGO24246352
4688,PGO24299256
4689,PGO24262551
4690,PGO24262526
4691,PGO24262525
4692,PGO24262520
4693,PGO24253351
4694,PGO24253322
4695,PGO24249422
4696,PGO24249420
4697,PGO24246979
4698,PGO24246974
4699,PGO24246978
4700,PGO24246905
4701,PGO24246953
4702,PGO24246956
4703,PGO24246964
4704,PGO24246954
4705,PGO24246950
4706,PGO24246946
4707,PGO24246944
4708,PGO24246941
4709,PGO24246938
4710,PGO24246945
4711,PGO24246914
4712,PGO24246930
4713,PGO24246902
4714,PGO24246911
4715,PGO24246920
4716,PGO24246960
4717,PGO24246965
4718,PGO24246973
4719,PGO24246976
4720,PGO24246977
4721,PGO24246981
4722,PGO24246899
4723,PGO24246939
4724,PGO24246990
4725,PGO24246971
4726,PGO24246820
4727,PGO24246968
4728,PGO24246898
4729,PGO24246327
4730,PGO24246341
4731,PGO24245942
4732,PGO24245636
4733,PGO24246172
4734,PGO24245938
4735,PGO24246161
4736,PGO24246191
4737,PGO24246298
4738,PGO24246315
4739,PGO24246317
4740,PGO24246304
4741,PGO24246303
4742,PGO24246308
4743,PGO24246313
4744,PGO24246231
4745,PGO24246324
4746,PGO24245654
4747,PGO24246329
4748,PGO24246333
4749,PGO24246337
4750,PGO24246250
4751,PGO24246325
4752,PGO24243257
4753,PGO24243124
4754,PGO24243121
4755,PGO24243119
4756,PGO24243118
4757,PGO24243120
4758,PGO24243117
4759,PGO24243123
4760,PGO24243116
4761,PGO24246969
4762,PGO24246970
4763,PGO24285448
4764,PGO24217497
4765,PGO24215199
4766,PGO24200152
4767,PGO2460504
4768,UGO24208356
4769,UGO24203248
4770,UGO24205265
4771,PGO24285544
4772,PGO24290909
4773,PGO24291835
4774,PGO24212853
4775,PGO24277729
4776,PGO24277335
4777,PGO24268093
4778,PGO24279461
4779,PGO24279555
4780,PGO24274237
4781,PGO24270758
4782,PGO24267604
4783,PGO24264860
4784,PGO24267153
4785,PGO24265806
4786,PGO24253695
4787,PGO24254081
4788,PGO24254672
4789,PGO24247733
4790,PGO24253112
4791,PGO24248944
4792,PGO24244704
4793,PGO24228075
4794,PGO202343832
4795,PGO24223086
4796,PGO24220163
4797,PGO24237526
4798,PGO24236491
4799,PGO24227313
4800,PGO24225044
4801,PGO24221628
4802,PGO24182307
4803,PGO24225757
4804,PGO24222637
4805,PGO24220370
4806,PGO24220998
4807,PGO24217320
4808,PGO24180305
4809,PGO24215404
4810,PGO24200103
4811,PGO24169664
4812,PGO24295005
4813,PGO24212962
4814,UGO24294363
4815,UGO24291162
4816,UGO24286989
4817,UGO24248373
4818,UGO24261480
4819,UGO24253546
4820,UGO24263938
4821,UGO24251962
4822,UGO24240653
4823,UGO24240914
4824,UGO24238186
4825,UGO24236862
4826,UGO24229313
4827,UGO24220582
4828,UGO24222454
4829,UGO24170755
4830,UGO24288307
4831,UGO24294095
4832,UGO24285381
4833,UGO24278368
4834,UGO24160502
4835,UGO24230683
4836,UGO24277047
4837,UGO24275495
4838,UGO24274690
4839,UGO24246314
4840,UGO24246165
4841,UGO24245365
4842,UGO24243243
4843,UGO24155000
4844,UGO24242847
4845,UGO24221502
4846,UGO24245090
4847,UGO24230354
4848,UGO24221823
4849,UGO24264724
4850,UGO24239079
4851,UGO24235491
4852,UGO24217915
4853,UGO24261951
4854,UGO24177346
4855,PGO24211837
4856,PGO24288504
4857,PGO24298530
4858,UGO24294599
4859,UGO24295109-1
4860,UGO24290601
4861,UGO24278687
4862,UGO24287610
4863,UGO24285326
4864,UGO24285287
4865,UGO24284336-1
4866,UGO24275618
4867,UGO24272894
4868,UGO24290121
4869,UGO24292086
4870,UGO24288325
4871,UGO24293164
4872,UGO24291269
4873,UGO24292226
4874,UGO24275399
4875,UGO24288728
4876,UGO24288326
4877,UGO24287401
4878,UGO24287952
4879,UGO24284339
4880,UGO24285121
4881,UGO24273988
4882,UGO24281080
4883,UGO24277443
4884,UGO24276164
4885,UGO24278033
4886,UGO24276346
4887,UGO24275057
4888,UGO24273471
4889,UGO24272687
4890,PGO24285551
4891,PGO24277477
4892,PGO24294918
4893,PGO24294501
4894,PGO24294124
4895,PGO24294057
4896,PGO24293880
4897,PGO24295102
4898,PGO24291652
4899,PGO24290068
4900,PGO24292065
4901,PGO24289379-1
4902,PGO24292039
4903,PGO24291836
4904,PGO24290167
4905,PGO24281427
4906,PGO24291485
4907,PGO24285228
4908,PGO24291765
4909,PGO24276989
4910,PGO24285425
4911,PGO24286433
4912,PGO24278233
4913,PGO24289779
4914,PGO24285466
4915,PGO24289203
4916,PGO24288376
4917,PGO24278633
4918,PGO24285706
4919,PGO24288849
4920,PGO24282527
4921,PGO24287878
4922,PGO24287834
4923,PGO24276187
4924,PGO24282811
4925,PGO24279338
4926,PGO24282781-1
4927,PGO24279162
4928,PGO24276413
4929,PGO24273474
4930,PGO24276126
4931,PGO24276101
4932,PGO24273504
4933,PGO24165544
4934,PGO24297757
4935,UGO24298688
4936,UGO24253294
4937,UGO24239478
4938,UGO24238982
4939,UGO24209494
4940,UGO24233962
4941,UGO24177135
4942,PGO24221614
4943,UGO24179281
4944,PGO24215004
4945,UGO24178991
4946,PGO24130111
4947,UGO24175769
4948,UGO24199562
4949,PGO24177794
4950,PGO24295304
4951,UGO24106341
4952,PGO24297118
4953,PGO24297813
4954,PGO24297646
4955,PGO24297684
4956,PGO24291380
4957,PGO25362918
4958,PGO25355033
4959,PGO25276317
4960,PGO24299617
4961,PGO24299359
4962,PGO24305574
4963,PGO24308056
4964,PGO24310465
4965,PGO24311206
4966,PGO24313092
4967,PGO24315387
4968,PGO24305742
4969,PGO24314858
4970,PGO24299805
4971,PGO24310988
4972,PGO24311988
4973,PGO24334683
4974,PGO24320739
4975,PGO25336545
4976,PGO25354611
4977,PGO25337452
4978,PGO25357377
4979,PGO25358928
4980,PGO25337413
4981,PGO24314219
4982,PGO25359812
4983,PGO25335255
4984,PGO24334980
4985,PGO25361385
4986,PGO25361695
4987,PGO25361837
4988,PGO25363577
4989,PGO25353758
4990,PGO25353686
4991,PGO25363634
4992,PGO25337258
4993,PGO25318647
4994,PGO25362172
4995,PGO25362137
4996,PGO25366122
4997,PGO25369264
4998,PGO25369816
4999,PGO25368203
5000,PGO25362644
5001,PGO24314573
5002,PGO25371645
5003,PGO25366435
5004,PGO25372031
5005,PGO25370577
5006,PGO25365841
5007,PGO24300365
5008,PGO25374741
5009,PGO25372311
5010,PGO25375826
5011,PGO25371068
5012,PGO25364708
5013,PGO25364526
5014,PGO25360782
5015,PGO25369824
5016,PGO25376765
5017,PGO25375161
5018,PGO25360999
5019,PGO25376275
5020,PGO25389409
5021,PGO25375145
5022,PGO25377959
5023,PGO25377749
5024,PGO25376081
5025,PGO25378642
5026,PGO25390760
5027,PGO25392212
5028,PGO25390906
5029,PGO25337150
5030,PGO25370187
5031,PGO25371296
5032,PGO25390998
5033,PGO25394045
5034,PGO25394194
5035,PGO25388850
5036,PGO25394946
5037,PGO25320452
5038,PGO24305705
5039,PGO25391501
5040,PGO25389938
5041,PGO25393102
5042,PGO25395501
5043,PGO25389816
5044,PGO25393556
5045,PGO25361769
5046,PGO25369774
5047,PGO25394698
5048,PGO25397324
5049,PGO25367684
5050,PGO25397899
5051,PGO25397218
5052,PGO25395545
5053,PGO25393060
5054,PGO25393328
5055,PGO25364497
5056,PGO25394076
5057,PGO25392777
5058,PGO25398103
5059,PGO25391315
5060,PGO25396330
5061,PGO25392962
5062,PGO25398763
5063,PGO25360480
5064,PGO25398502
5065,PGO25375478
5066,PGO25398463
5067,PGO25397874
5068,PGO25378015
5069,PGO25304118
5070,PGO25397900
5071,PGO25399249
5072,PGO25392683
5073,PGO25399241
5074,PGO25399518
5075,PGO25399175
5076,PGO25399510
5077,PGO25176008
5078,PGO25399242
5079,PGO2573091
5080,PGO25362164
5081,PGO25399460
5082,PGO25399207
5083,PGO25365290
5084,PGO25391670
5085,PGO25399477
5086,PGO25395374
5087,PGO25389157
5088,PGO25395277
5089,PGO25394619
5090,PGO25359938
5091,PGO25399173
5092,PGO25368409
5093,PGO25395412
5094,PGO25378068
5095,PGO25399198
5096,PGO25393461
5097,PGO25396537
5098,PGO25363618
5099,PGO25393257
5100,PGO25397522
5101,PGO25396868
5102,PGO25354490
5103,PGO2561160
5104,PGO25396283
5105,PGO25393073
5106,PGO25375381
5107,PGO25398839
5108,PGO25398708
5109,PGO25395567
5110,PGO25398942
5111,PGO25398679
5112,PGO25396912
5113,PGO25399126
5114,PGO25398687
5115,PGO24262120
5116,PGO25398970
5117,PGO25398941
5118,PGO25398467
5119,PGO25365067
5120,PGO25364739
5121,PGO25398036
5122,PGO25398891
5123,PGO25398153
5124,PGO25393881
5125,PGO25398840
5126,PGO25373663
5127,PGO25361152
5128,PGO25392100
5129,PGO25395006
5130,PGO25393837
5131,PGO25396354
5132,PGO25398860
5133,PGO25398509
5134,PGO25376183
5135,PGO24282781
5136,PGO25365344
5137,PGO25338002
5138,PGO25378118
5139,PGO25398686
5140,PGO25379046
5141,PGO25396538
5142,PGO25398459
5143,PGO25379048
5144,PGO25394119
5145,PGO25391760
5146,PGO25398495
5147,PGO25391920
5148,PGO25394892
5149,PGO25388952
5150,PGO25394877
5151,PGO25363334
5152,PGO25388940
5153,PGO25395485
5154,PGO25391759
5155,PGO25394066
5156,PGO25392758
5157,PGO25397966
5158,PGO25396904
5159,PGO25368382
5160,PGO25397964
5161,PGO25397823
5162,PGO25397374
5163,PGO25396402
5164,PGO25397943
5165,PGO25395425
5166,PGO25390197
5167,PGO25396608
5168,PGO25363887
5169,PGO25365233
5170,PGO25397965
5171,PGO25393997
5172,PGO25359259
5173,PGO25356612
5174,PGO25365213
5175,PGO25390831
5176,PGO25397802
5177,PGO25394687
5178,PGO25371573
5179,PGO25397142
5180,PGO25375224
5181,PGO25356886
5182,PGO25397923
5183,PGO25393566
5184,PGO25379887
5185,PGO25390768
5186,PGO25396995
5187,PGO25393745
5188,PGO25315116
5189,PGO25390067
5190,PGO25395641
5191,PGO25388845
5192,PGO25362056
5193,PGO25377715
5194,PGO25393047
5195,PGO25396554
5196,PGO25397513
5197,PGO25374078
5198,PGO25359673
5199,PGO25164827
5200,PGO25394600
5201,PGO25392678
5202,PGO25396577
5203,PGO25393937
5204,PGO25396603
5205,PGO25394367
5206,PGO25396329
5207,PGO25395407
5208,PGO25396400
5209,PGO25396276
5210,PGO25392835
5211,PGO25392667
5212,PGO25374885
5213,PGO25394765
5214,PGO25320189
5215,PGO25364735
5216,PGO25367505
5217,PGO25360870
5218,PGO25393101
5219,PGO25378837
5220,PGO25396429
5221,PGO25356905
5222,PGO25394022
5223,PGO25396271
5224,PGO25372851
5225,PGO25395079
5226,PGO25378142
5227,PGO25390963
5228,PGO25337185
5229,PGO25390753
5230,PGO25390260
5231,PGO24309001
5232,PGO24318077
5233,PGO25354260
5234,PGO25268677
5235,PGO25395024
5236,PGO25394669
5237,PGO25395020
5238,PGO25377960
5239,PGO25392690
5240,PGO25175978
5241,PGO25303717
5242,PGO25380891
5243,PGO25375763
5244,PGO25392258
5245,PGO25393624
5246,PGO25373628
5247,PGO25392169
5248,PGO25377643
5249,PGO25389426
5250,PGO25393878
5251,PGO25391949
5252,PGO25391069
5253,PGO25392701
5254,PGO25378220
5255,PGO25393427
5256,PGO25355316
5257,PGO24311819
5258,PGO25364327
5259,PGO25393382
5260,PGO25375320
5261,PGO25368938
5262,PGO25379032
5263,PGO25371978
5264,PGO25365115
5265,PGO25368956
5266,PGO25390022
5267,PGO25375328
5268,PGO25337672
5269,PGO25390825
5270,PGO25390881
5271,PGO25392455
5272,PGO25370603
5273,PGO25354794
5274,PGO25389841
5275,PGO25284778
5276,PGO25378904
5277,PGO25366215
5278,PGO25391538
5279,PGO24299119
5280,PGO25392178
5281,PGO25361814
5282,PGO25363795
5283,PGO25390927
5284,PGO25375713
5285,PGO25375692
5286,PGO25392079
5287,PGO25378097
5288,PGO25391629
5289,PGO25378211
5290,PGO25390032
5291,PGO25379004
5292,PGO25378659
5293,PGO25376283
5294,PGO25391055
5295,PGO25389892
5296,PGO25377816
5297,PGO25389488
5298,PGO25388961
5299,PGO25374392
5300,PGO25389797
5301,PGO25389810
5302,PGO25378149
5303,PGO25364741
5304,PGO25388836
5305,PGO25378041
5306,PGO25388972
5307,PGO25371285
5308,PGO24320640
5309,PGO25360981
5310,PGO25377961
5311,PGO25378855
5312,PGO25234354
5313,PGO25127435
5314,PGO25316196
5315,PGO25371552
5316,PGO25364586
5317,PGO25375089
5318,PGO25378557
5319,PGO25376796
5320,PGO25376983
5321,PGO25373504
5322,PGO25365358
5323,PGO25373235
5324,PGO25376961
5325,PGO25370155
5326,PGO25371548
5327,PGO25377859
5328,PGO25359264
5329,PGO25367770
5330,PGO25364206
5331,PGO25376716
5332,PGO25337541
5333,PGO25367753
5334,PGO25376995
5335,PGO25361228
5336,PGO25376384
5337,PGO25375273
5338,PGO25356372
5339,PGO25375221
5340,PGO24335656
5341,PGO24174993
5342,PGO25375621
5343,PGO25376046
5344,PGO25371575
5345,PGO25376490
5346,PGO25375887
5347,PGO25372186
5348,PGO25370346
5349,PGO25371610
5350,PGO25376438
5351,PGO25376409
5352,PGO25375339
5353,PGO25375750
5354,PGO25365334
5355,PGO25375331
5356,PGO25361077
5357,PGO25367685
5358,PGO25361144
5359,PGO24299778
5360,PGO25371614
5361,PGO24299489
5362,PGO25374966
5363,PGO25375788
5364,PGO25358835
5365,PGO25353360
5366,PGO25304613
5367,PGO25362951
5368,PGO25371514
5369,PGO25358327
5370,PGO25375098
5371,PGO25364620
5372,PGO25365856
5373,PGO25364728
5374,PGO25370530
5375,PGO25143162
5376,PGO25363644
5377,PGO25372185
5378,PGO25373456
5379,PGO25373170
5380,PGO25369306
5381,PGO25363692
5382,PGO24306250
5383,PGO25362031
5384,PGO25372264
5385,PGO25365673
5386,PGO25370294
5387,PGO25372015
5388,PGO25367523
5389,PGO25371242
5390,PGO25254644
5391,PGO25370281
5392,PGO25360429
5393,PGO24309482
5394,PGO25365643
5395,PGO25367576
5396,PGO25367458
5397,PGO25337328
5398,PGO25362625
5399,PGO25364730
5400,PGO25358169
5401,PGO25363658
5402,PGO25360519
5403,PGO24320612
5404,PGO25360736
5405,PGO25150318
5406,PGO25368377
5407,PGO25363458
5408,PGO25357019
5409,PGO25367699
5410,PGO25367683
5411,PGO25369437
5412,PGO25369407
5413,PGO25360409
5414,PGO25368097
5415,PGO25367687
5416,PGO202343405
5417,PGO25362968
5418,PGO25338093
5419,PGO25357572
5420,PGO25366377
5421,PGO25365570
5422,PGO25363033
5423,PGO25365677
5424,PGO25337164
5425,PGO25357850
5426,PGO25366415
5427,PGO25361318
5428,PGO25366852
5429,PGO25202870
5430,PGO25320644
5431,PGO25307861
5432,PGO25364756
5433,PGO25366869
5434,PGO25361786
5435,PGO25364101
5436,PGO25301497
5437,PGO25359242
5438,PGO25354870
5439,PGO25361676
5440,PGO25364871
5441,PGO25356243
5442,PGO25365612
5443,PGO25361032
5444,PGO25365489
5445,PGO25366135
5446,PGO24308713
5447,PGO25366422
5448,PGO25364657
5449,PGO25261548
5450,PGO24309120
5451,PGO25365254
5452,PGO25359560
5453,PGO25365137
5454,PGO25357063
5455,PGO25363482
5456,PGO25365545
5457,PGO25365527
5458,PGO25363082
5459,PGO25360849
5460,PGO25364905
5461,PGO25362344
5462,PGO25364243
5463,PGO24315564
5464,PGO25337128
5465,PGO25361066
5466,PGO25361045
5467,PGO25361962
5468,PGO25363226
5469,PGO25362981
5470,PGO25363625
5471,PGO24308256
5472,PGO24320565
5473,PGO25358917
5474,PGO25336647
5475,PGO25355921
5476,PGO25358742
5477,PGO25359861
5478,PGO25362139
5479,PGO25360938
5480,PGO25363848
5481,PGO25364260
5482,PGO25321103
5483,PGO25358533
5484,PGO25359904
5485,PGO25361616
5486,PGO25362434
5487,PGO25336616
5488,PGO25218476
5489,PGO25363429
5490,PGO25359969
5491,PGO25354485
5492,PGO25356767
5493,PGO25358044
5494,PGO25357978
5495,PGO25355475
5496,PGO25362624
5497,PGO25363303
5498,PGO25359714
5499,PGO25362430
5500,PGO25362696
5501,PGO25363348
5502,PGO25361899
5503,PGO25363127
5504,PGO25357793
5505,PGO25360101
5506,PGO25360915
5507,PGO25362174
5508,PGO25363111
5509,PGO25363467
5510,PGO24315093
5511,PGO25360633
5512,PGO25357122
5513,PGO25362689
5514,PGO25362383
5515,PGO25362039
5516,PGO25361971
5517,PGO25362769
5518,PGO25336251
5519,PGO25361260
5520,PGO25362003
5521,PGO25356873
5522,PGO25294017
5523,PGO25359152
5524,PGO25354124
5525,PGO25358681
5526,PGO2556404
5527,PGO25319682
5528,PGO25360626
5529,PGO25361140
5530,PGO25360319
5531,PGO25358854
5532,PGO25358597
5533,PGO25356901
5534,PGO25353742
5535,PGO25359665
5536,PGO25359493
5537,PGO25357862
5538,PGO25358369
5539,PGO25358344
5540,PGO25355843
5541,PGO25361421
5542,PGO24269728
5543,PGO25359235
5544,PGO25359017
5545,PGO25354845
5546,PGO25358547
5547,PGO25360093
5548,PGO25360421
5549,PGO25360533
5550,PGO25360737
5551,PGO25357745
5552,PGO25314491
5553,PGO25360557
5554,PGO25357276
5555,PGO25360087
5556,PGO25320698
5557,PGO25359555
5558,PGO25359820
5559,PGO25358041
5560,PGO25357322
5561,PGO25357023
5562,PGO25357965
5563,PGO24307325
5564,PGO25357316
5565,PGO25356594
5566,PGO25356755
5567,PGO25359775
5568,PGO25359263
5569,PGO25359679
5570,PGO25359014
5571,PGO25353672
5572,PGO24315365
5573,PGO25358840
5574,PGO24263786
5575,PGO25358220
5576,PGO25357981
5577,PGO25358804
5578,PGO25359236
5579,PGO25359184
5580,PGO25337478
5581,PGO25358810
5582,PGO25358209
5583,PGO25336682
5584,PGO25311631
5585,PGO25359177
5586,PGO25358821
5587,PGO25353416
5588,PGO25357961
5589,PGO25357267
5590,PGO25299873
5591,PGO25358919
5592,PGO24300157
5593,PGO25353741
5594,PGO25358003
5595,PGO24336015
5596,PGO25358813
5597,PGO25308261
5598,PGO25353361
5599,PGO25337976
5600,PGO25300130
5601,PGO25356089
5602,PGO25356146
5603,PGO25356176
5604,PGO25356574
5605,PGO25356576
5606,PGO25356777
5607,PGO25356954
5608,PGO25357067
5609,PGO25357100
5610,PGO25357266
5611,PGO25357356
5612,PGO25357413
5613,PGO25357943
5614,PGO25357971
5615,PGO25358049
5616,PGO25358214
5617,PGO25358238
5618,PGO25355932
5619,PGO25336659
5620,PGO25355267
5621,PGO25338070
5622,PGO24319849
5623,PGO24318334
5624,PGO25355111
5625,PGO25355584
5626,PGO25355472
5627,PGO25355250
5628,PGO25319495
5629,PGO25355533
5630,PGO24309687
5631,PGO25336844
5632,PGO24321318
5633,PGO24335162
5634,PGO25336811
5635,PGO25337352
5636,PGO25338035
5637,PGO25355672
5638,PGO25356551
5639,PGO24318603
5640,PGO25356367
5641,PGO25355308
5642,PGO24317326
5643,PGO24301060
5644,PGO25335591
5645,PGO24318267
5646,PGO25356063
5647,PGO25355678
5648,PGO25353409
5649,PGO25353699
5650,PGO25355665
5651,PGO25338110
5652,PGO24169201
5653,PGO25353763
5654,PGO25353365
5655,PGO24319726
5656,PGO25335057
5657,PGO25319408
5658,PGO25353814
5659,PGO24319852
5660,PGO25110542
5661,PGO24314492
5662,PGO24248214
5663,PGO25353953
5664,PGO24318857
5665,PGO25353719
5666,PGO25353860
5667,PGO25318386
5668,PGO24312613
5669,PGO24336192
5670,PGO25337227
5671,PGO25337302
5672,PGO25338098
5673,PGO25336389
5674,PGO25337370
5675,PGO25336501
5676,PGO25337364
5677,PGO25336674
5678,PGO25337936
5679,PGO25336131
5680,PGO25336294
5681,PGO25336991
5682,PGO24336341
5683,PGO25337022
5684,PGO24336052
5685,PGO25320012
5686,PGO24309655
5687,PGO24312999
5688,PGO24310704
5689,PGO24318213
5690,PGO24319907
5691,PGO24314018
5692,PGO25320795
5693,PGO25336063
5694,PGO25337083
5695,PGO25336563
5696,PGO25336475
5697,PGO25335134
5698,PGO24287656
5699,PGO25336660
5700,PGO25273651
5701,PGO24289379
5702,PGO25337007
5703,PGO24309581
5704,PGO24309133
5705,PGO24321034
5706,PGO24335633
5707,PGO25316570
5708,PGO24320704
5709,PGO25336651
5710,PGO24301410
5711,PGO25335503
5712,PGO25303341
5713,PGO24240193
5714,PGO25318679
5715,PGO24335218
5716,PGO24334489
5717,PGO24319366
5718,PGO24321180
5719,PGO24316206
5720,PGO24336096
5721,PGO2459695
5722,PGO24298933
5723,PGO24336238
5724,PGO24319548
5725,PGO24319482
5726,PGO24304921
5727,PGO24305193
5728,PGO24320594
5729,PGO24335493
5730,PGO24335542
5731,PGO24317467
5732,PGO24319446
5733,PGO24299633
5734,PGO24318490
5735,PGO24319948
5736,PGO24319073
5737,PGO24315110
5738,PGO24334218
5739,PGO24321071
5740,PGO24321250
5741,PGO24321235
5742,PGO24313179
5743,PGO24320749
5744,PGO24319417
5745,PGO24334795
5746,PGO24320913
5747,PGO24319905
5748,PGO24320611
5749,PGO24320593
5750,PGO24300808
5751,PGO24321254
5752,PGO24319674
5753,PGO24320729
5754,PGO24317533
5755,PGO24316085
5756,PGO24309048
5757,PGO24318242
5758,PGO24318272
5759,PGO24320467
5760,PGO24316251
5761,PGO24318315
5762,PGO24183227
5763,PGO24320422
5764,PGO24298370
5765,PGO24319957
5766,PGO24318982
5767,PGO24319552
5768,PGO24317516
5769,PGO24311471
5770,PGO24316523
5771,PGO24318230
5772,PGO24319352
5773,PGO24319287
5774,PGO24316934
5775,PGO24319075
5776,PGO24319535
5777,PGO24319375
5778,PGO24317251
5779,PGO24309564
5780,PGO24308106
5781,PGO24301224
5782,PGO24265718
5783,PGO24318525
5784,PGO24318336
5785,PGO24318273
5786,PGO24293527
5787,PGO24305107
5788,PGO24318440
5789,PGO24313981
5790,PGO24306951
5791,PGO24318254
5792,PGO24299060
5793,PGO24313759
5794,PGO24177085
5795,PGO24318211
5796,PGO24315882
5797,PGO24314376
5798,PGO24317873
5799,PGO24317917
5800,PGO24316473
5801,PGO24307658
5802,PGO24289396
5803,PGO24317037
5804,PGO24317404
5805,PGO24317003
5806,PGO24314013
5807,PGO24314307
5808,PGO24313130
5809,PGO24316241
5810,PGO24316219
5811,PGO24315745
5812,PGO24300799
5813,PGO24315999
5814,PGO24316142
5815,PGO24315682
5816,PGO24315615
5817,PGO24315046
5818,PGO24300506
5819,PGO24313941
5820,PGO24313957
5821,PGO24299409
5822,PGO24314827
5823,PGO24279419
5824,PGO24300338
5825,PGO24311569
5826,PGO24314295
5827,PGO24310103
5828,PGO24312112
5829,PGO24313019
5830,PGO24299067
5831,PGO24310014
5832,PGO24154448
5833,PGO24300334
5834,PGO24279086
5835,PGO24299438
5836,PGO24240121
5837,PGO24300001
5838,PGO24302147
5839,PGO24302184
5840,PGO24304554
5841,PGO24300578
5842,PGO24300118
5843,PGO24310893
5844,PGO24309551
5845,PGO24311925
5846,PGO24303375
5847,PGO24311163
5848,PGO24303371
5849,PGO24304570
5850,PGO24311150
5851,PGO24305059
5852,PGO24309992
5853,PGO24309514
5854,PGO24298963
5855,PGO24302176
5856,PGO24306462
5857,PGO24304667
5858,PGO24299110
5859,PGO24139583
5860,PGO24305243
5861,PGO24308566
5862,PGO24298806
5863,PGO24305041
5864,PGO24306939
5865,PGO24301059
5866,PGO24303890
5867,PGO24304247
5868,PGO24299666
5869,PGO24305117
5870,PGO24306205
5871,PGO24299234
5872,PGO24301483
5873,PGO24299765
5874,PGO24301882
5875,PGO24305264
5876,PGO24303814
5877,PGO24300709
5878,PGO24303675
5879,PGO24248834
5880,PGO24303233
5881,PGO24301334
5882,PGO24301335
5883,PGO24301430
5884,PGO24301741
5885,PGO24301702
5886,PGO24299457
5887,PGO24299496
5888,PGO24301003
5889,PGO24301239
5890,PGO24298264
5891,PGO24151964
5892,PGO24300705
5893,PGO24300498
5894,PGO24299263
5895,PGO24298795
5896,PGO24274017
5897,PGO24300613
5898,PGO24300193
5899,PGO24300283
5900,PGO24300286
5901,PGO24299700
5902,PGO24299761
5903,PGO24223439
5904,PGO24298787
5905,UGO24295109
5906,UGO24299980
5907,UGO24300382
5908,UGO24300572
5909,UGO24300809
5910,UGO24299809
5911,UGO24304589
5912,UGO24306460
5913,UGO24304525
5914,UGO24307959
5915,UGO24306597
5916,UGO24309772
5917,UGO24312108
5918,UGO24314318
5919,UGO24314406
5920,UGO24313848
5921,UGO24315813
5922,UGO24317425
5923,UGO24317447
5924,UGO24317163
5925,UGO24318178
5926,UGO24316604
5927,UGO24318200
5928,UGO24334288
5929,UGO24318420
5930,UGO25337030
5931,UGO24310731
5932,UGO25337407
5933,UGO25354098
5934,UGO25355693
5935,UGO25355220
5936,UGO25313350
5937,UGO24304986
5938,UGO25359359
5939,UGO25360816
5940,UGO25363466
5941,UGO25354754
5942,UGO25355437
5943,UGO25358670
5944,UGO25367395
5945,UGO25364271
5946,UGO25366686
5947,UGO25375890
5948,UGO25358208
5949,UGO25377833
5950,UGO25361734
5951,UGO25377517
5952,UGO25375354
5953,UGO25391752
5954,UGO25391845
5955,UGO25390625
5956,UGO25316633
5957,UGO25389984
5958,UGO25369374
5959,UGO25375857
5960,UGO25391673
5961,UGO25369716
5962,UGO25375394
5963,UGO25392898
5964,UGO25394886
5965,UGO25317508
5966,UGO25392867
5967,UGO25396458
5968,UGO25392619-1
5969,UGO25393056
5970,UGO25394804
5971,UGO25360055
5972,UGO25398771
5973,UGO25396487
5974,UGO25397008
5975,UGO25398346
5976,UGO25397873
5977,UGO25394748
5978,UGO24314772
5979,UGO25390628
5980,UGO25393027
5981,UGO25321168
5982,UGO25399491
5983,UGO25399600
5984,UGO24173453
5985,UGO25365074
5986,UGO25359583
5987,UGO25372145
5988,UGO25393008
5989,UGO25390944
5990,UGO25355863
5991,UGO25376869
5992,UGO25399176
5993,UGO25394750
5994,UGO25398465
5995,UGO25399009
5996,UGO25397898
5997,UGO25399116
5998,UGO25399186
5999,UGO25367393
6000,UGO25399203
6001,UGO25399189
6002,UGO25396885
6003,UGO25375236
6004,UGO25399188
6005,UGO25359361
6006,UGO25394910
6007,UGO25376203
6008,UGO25394358
6009,UGO25398812
6010,UGO25398818
6011,UGO25398856
6012,UGO24266966
6013,UGO25398889
6014,UGO25398828
6015,UGO25398674
6016,UGO25372008
6017,UGO25390107
6018,UGO25390665
6019,UGO25393933
6020,UGO25378140
6021,UGO25376491
6022,UGO25398846
6023,UGO25398177
6024,UGO25398767
6025,UGO25398670
6026,UGO25398720
6027,UGO25374655
6028,UGO25389672
6029,UGO25395479
6030,UGO25398128
6031,UGO25395144
6032,UGO25398518
6033,UGO25142900
6034,UGO25398497
6035,UGO25394768
6036,UGO25394831
6037,UGO25396334
6038,UGO25396640
6039,UGO25391595
6040,UGO25397079
6041,UGO25397800
6042,UGO25390392
6043,UGO25392058
6044,UGO25355050
6045,UGO25377985
6046,UGO25397520
6047,UGO25397937
6048,UGO25396896
6049,UGO25394482
6050,UGO25397373
6051,UGO25396374
6052,UGO25396092
6053,UGO25378672
6054,UGO25365764
6055,UGO25393381
6056,UGO25178542
6057,UGO25396901
6058,UGO25371827
6059,UGO25396595
6060,UGO25396612
6061,UGO25393007
6062,UGO25392063
6063,UGO25397360
6064,UGO25393789
6065,UGO25390880
6066,UGO25394940
6067,UGO25365189
6068,UGO25372012
6069,UGO25373512
6070,UGO25376847
6071,UGO25369814
6072,UGO25359069
6073,UGO25396246
6074,UGO25393951
6075,UGO25394452
6076,UGO25372246
6077,UGO25396510
6078,UGO25396258
6079,UGO25394763
6080,UGO25395113
6081,UGO25395405
6082,UGO25374749
6083,UGO25392696
6084,UGO25392550
6085,UGO25393574
6086,UGO25393991
6087,UGO25395135
6088,UGO25355833
6089,UGO25319972
6090,UGO24299478
6091,UGO25394137
6092,UGO25395025
6093,UGO25377995
6094,UGO25393653
6095,UGO25393842
6096,UGO25393465
6097,UGO25393515
6098,UGO25391693
6099,UGO25393100
6100,UGO25392807
6101,UGO25336005
6102,UGO25371534
6103,UGO25394593
6104,UGO25394438
6105,UGO25361663
6106,UGO25376856
6107,UGO25392932
6108,UGO25389742
6109,UGO25393204
6110,UGO25390198
6111,UGO25360755
6112,UGO25360088
6113,UGO25224330
6114,UGO25393508
6115,UGO25369576
6116,UGO25393577
6117,UGO25392761
6118,UGO25392540
6119,UGO25392828
6120,UGO25359854
6121,UGO25377854
6122,UGO25373390
6123,UGO25374944
6124,UGO25392947
6125,UGO25376780
6126,UGO25389430
6127,UGO24334616
6128,UGO25362888
6129,UGO25390714
6130,UGO25391904
6131,UGO25392892
6132,UGO25377038
6133,UGO25391869
6134,UGO25234335
6135,UGO25372632
6136,UGO25391967
6137,UGO25392709
6138,UGO2023108589
6139,UGO2542587
6140,UGO25379064
6141,UGO25390689
6142,UGO25389959
6143,UGO25389714
6144,UGO25376237
6145,UGO25375107
6146,UGO25377146
6147,UGO25311367
6148,UGO25378155
6149,UGO25321129
6150,UGO25360511
6151,UGO25390624
6152,UGO25390029
6153,UGO25390111
6154,UGO25376881
6155,UGO25375900
6156,UGO25376859
6157,UGO25377677
6158,UGO25378929
6159,UGO25365985
6160,UGO25377892
6161,UGO25377905
6162,UGO25375828
6163,UGO25378045
6164,UGO25372167
6165,UGO25376952
6166,UGO25377761
6167,UGO25376297
6168,UGO25376797
6169,UGO25377034
6170,UGO25372345
6171,UGO25374734
6172,UGO25375004
6173,UGO25375026
6174,UGO25374653
6175,UGO25368050
6176,UGO25368041
6177,UGO24320735
6178,UGO25367570
6179,UGO25374001
6180,UGO25373442
6181,UGO25362140
6182,UGO25374723
6183,UGO25373149
6184,UGO25363836
6185,UGO25365667
6186,UGO25366387
6187,UGO25365663
6188,UGO25373560
6189,UGO25181760
6190,UGO25363116
6191,UGO25216589
6192,UGO25373371
6193,UGO24315302
6194,UGO25371611
6195,UGO25373476
6196,UGO25370450
6197,UGO25370627
6198,UGO25372685
6199,UGO25372229
6200,UGO25371692
6201,UGO24299650
6202,UGO25338078
6203,UGO25370221
6204,UGO25369761
6205,UGO25368801
6206,UGO25364759
6207,UGO25360076
6208,UGO25366109
6209,UGO25365150
6210,UGO25369743
6211,UGO25364151
6212,UGO25367759
6213,UGO25368405
6214,UGO25360711
6215,UGO25367614
6216,UGO25368972
6217,UGO25366760
6218,UGO25355545
6219,UGO25369010
6220,UGO25364580
6221,UGO25363609
6222,UGO24319681
6223,UGO25368974
6224,UGO25362381
6225,UGO25365608
6226,UGO25365338
6227,UGO25367761
6228,UGO25366359
6229,UGO25368175
6230,UGO25368213
6231,UGO24284336
6232,UGO24264965
6233,UGO25366457
6234,UGO25362179
6235,UGO25366872
6236,UGO24299306
6237,UGO25358746
6238,UGO25361861
6239,UGO25366812
6240,UGO25364792
6241,UGO25366497
6242,UGO25363480
6243,UGO25359241
6244,UGO25363007
6245,UGO24254719
6246,UGO25364598
6247,UGO25321142
6248,UGO25336723
6249,UGO24318205
6250,UGO25364588
6251,UGO25364761
6252,UGO25361467
6253,UGO25336619
6254,UGO25364736
6255,UGO25359630
6256,UGO25359765
6257,UGO25275622
6258,UGO25364469
6259,UGO25356379
6260,UGO25361417
6261,UGO25363566
6262,UGO24173516
6263,UGO25363522
6264,UGO24320631
6265,UGO25356169
6266,UGO25358219
6267,UGO25361633
6268,UGO24223851
6269,UGO25362709
6270,UGO24305398
6271,UGO25362781
6272,UGO25356761
6273,UGO25357075
6274,UGO25362362
6275,UGO25357350
6276,UGO25357837
6277,UGO25362088
6278,UGO25358397
6279,UGO25361728
6280,UGO25361848
6281,UGO25359723
6282,UGO25359779
6283,UGO25359810
6284,UGO24335982
6285,UGO25360953
6286,UGO25361116
6287,UGO25361036
6288,UGO25360986
6289,UGO25361054
6290,UGO25359592
6291,UGO25354758
6292,UGO25359416
6293,UGO25360378
6294,UGO25360532
6295,UGO25356274
6296,UGO25358323
6297,UGO25338081
6298,UGO24269695
6299,UGO24291714
6300,UGO25358236
6301,UGO25359151
6302,UGO25357814
6303,UGO25320838
6304,UGO25359004
6305,UGO25358620
6306,UGO24336187
6307,UGO24317165
6308,UGO25358263
6309,UGO25358441
6310,UGO25355304
6311,UGO25357470
6312,UGO25356639
6313,UGO25354770
6314,UGO25356977
6315,UGO25337335
6316,UGO25337975
6317,UGO24313062
6318,UGO25355840
6319,UGO25287746
6320,UGO25356255
6321,UGO25356575
6322,UGO25356979
6323,UGO25357443
6324,UGO25357940
6325,UGO25357968
6326,UGO25357985
6327,UGO25358050
6328,UGO25358479
6329,UGO24334898
6330,UGO25356653
6331,UGO25356677
6332,UGO24308802
6333,UGO25356607
6334,UGO25354756
6335,UGO25355463
6336,UGO25356561
6337,UGO25354922
6338,UGO25312390
6339,UGO25356277
6340,UGO24313069
6341,UGO25354420
6342,UGO25355646
6343,UGO25356143
6344,UGO25337774
6345,UGO24211734
6346,UGO2543483
6347,UGO25355839
6348,UGO24320537
6349,UGO25297324
6350,UGO25336584
6351,UGO25353347
6352,UGO25337528
6353,UGO25353722
6354,UGO25354971
6355,UGO24312608
6356,UGO25354450
6357,UGO25353940
6358,UGO25354831
6359,UGO24320885
6360,UGO25337331
6361,UGO24319648
6362,UGO25337824
6363,UGO25334293
6364,UGO25336624
6365,UGO25336561
6366,UGO24298069
6367,UGO24317391
6368,UGO24320008
6369,UGO25319885
6370,UGO25337266
6371,UGO25337079
6372,UGO24300583
6373,UGO24335013
6374,UGO25337606
6375,UGO24231796
6376,UGO25335846
6377,UGO25337077
6378,UGO24144323
6379,UGO25337858
6380,UGO25336374
6381,UGO25337956
6382,UGO25337707
6383,UGO25337652
6384,UGO24162566
6385,UGO25337512
6386,UGO25335748
6387,UGO25337060
6388,UGO24319454
6389,UGO25336528
6390,UGO25337401
6391,UGO25336602
6392,UGO24319349
6393,UGO25336020
6394,UGO24314961
6395,UGO25336453
6396,UGO25336792
6397,UGO24336062
6398,UGO25335571
6399,UGO24312625
6400,UGO25336575
6401,UGO25336795
6402,UGO24319697
6403,UGO24335605
6404,UGO25335875
6405,UGO25336459
6406,UGO25336857
6407,UGO25336560
6408,UGO25336408
6409,UGO24298603
6410,UGO24318097
6411,UGO24336273
6412,UGO24301173
6413,UGO25334685
6414,UGO25336392
6415,UGO24175802
6416,UGO24335820
6417,UGO24319473
6418,UGO24320603
6419,UGO24334593
6420,UGO24320956
6421,UGO24335089
6422,UGO24334364
6423,UGO24335131
6424,UGO24335044
6425,UGO24335858
6426,UGO24335606
6427,UGO24316128
6428,UGO24335573
6429,UGO24335275
6430,UGO24318103
6431,UGO24318321
6432,UGO24317988
6433,UGO24335005
6434,UGO24319451
6435,UGO24334584
6436,UGO24321002
6437,UGO24299278
6438,UGO24305259
6439,UGO24334168
6440,UGO24321317
6441,UGO24320910
6442,UGO24318234
6443,UGO24321259
6444,UGO24320927
6445,UGO24320924
6446,UGO24320986
6447,UGO24313059
6448,UGO24301004
6449,UGO24320591
6450,UGO24319833
6451,UGO24319301
6452,UGO24317340
6453,UGO202343452
6454,UGO24319069
6455,UGO24226057
6456,UGO24315822
6457,UGO24300505
6458,UGO24303838
6459,UGO24319471
6460,UGO24213324
6461,UGO24310049
6462,UGO24309957
6463,UGO24309941
6464,UGO24309094
6465,UGO24310473
6466,UGO24317495
6467,UGO24318974
6468,UGO24312595
6469,UGO24313766
6470,UGO24316067
6471,UGO24312428
6472,UGO24317771
6473,UGO24118526
6474,UGO24315949
6475,UGO24317700
6476,UGO24318015
6477,UGO24299476
6478,UGO24317411
6479,UGO24317978
6480,UGO24316521
6481,UGO24317350
6482,UGO24313761
6483,UGO24316572
6484,UGO24316739
6485,UGO24316891
6486,UGO24313789
6487,UGO24314174
6488,UGO24298948
6489,UGO24316981
6490,UGO24309389
6491,UGO24300401
6492,UGO24309121
6493,UGO24316121
6494,UGO24316513
6495,UGO24314493
6496,UGO24307926
6497,UGO24305065
6498,UGO24314250
6499,UGO24314517
6500,UGO24305300
6501,UGO24315486
6502,UGO24299443
6503,UGO24267249
6504,UGO24313896
6505,UGO24314980
6506,UGO24264888
6507,UGO24314009
6508,UGO2487433
6509,UGO24313419
6510,UGO24313758
6511,UGO24314119
6512,UGO24312437
6513,UGO24310748
6514,UGO24311318
6515,UGO24313228
6516,UGO24313142
6517,UGO24310547
6518,UGO24310404
6519,UGO24304740
6520,UGO24282862
6521,UGO24299547
6522,UGO24312167
6523,UGO24312092
6524,UGO24304171
6525,UGO24307206
6526,UGO24308989
6527,UGO24299068
6528,UGO24311565
6529,UGO24305735
6530,UGO24311283
6531,UGO24309689
6532,UGO24310796
6533,UGO24309251
6534,UGO24300016
6535,UGO24310202
6536,UGO24301226
6537,UGO24309099
6538,UGO24309739
6539,UGO24307340
6540,UGO24216459
6541,UGO24309017
6542,UGO24309000
6543,UGO24308642
6544,UGO24308856
6545,UGO24301699
6546,UGO24304610
6547,UGO24307273
6548,UGO24306983
6549,UGO24305244
6550,UGO24307306
6551,UGO24271868
6552,UGO24306208
6553,UGO24302103
6554,UGO24305710
6555,UGO24299015
6556,UGO24301437
6557,UGO24305119
6558,UGO24304397
6559,UGO24301455
6560,UGO24305219
6561,UGO24295734
6562,UGO24303359
6563,UGO24300392
6564,UGO24228414
6565,UGO24305162
6566,UGO24304451
6567,UGO24301427
6568,UGO24303847
6569,UGO24301062
6570,UGO24303998
6571,UGO24303959
6572,UGO24303989
6573,UGO24302358
6574,UGO24302611
6575,UGO24177092
6576,UGO24301802
6577,UGO24303226
6578,UGO24302635
6579,UGO24301298
6580,UGO24300111
6581,UGO24298278
6582,UGO24301112
6583,UGO24301444
6584,UGO24300543
6585,UGO24299456
6586,UGO24293462
6587,UGO24299266
6588,UGO24301214
6589,UGO24300801
6590,UGO24301001
6591,UGO24300491
6592,UGO24300410
6593,UGO24300357
6594,UGO24300187
6595,UGO24295189
6596,UGO24300255
6597,UGO24172019
6598,UGO24262830
6599,UGO24298956
6600,UGO24295646
6601,UGO24295762
6602,UGO24297889
6603,PGOSY25002
6604,PGOSY25001
6605,UGOSY25002
6606,UGOSY25001
6607,UGOS25042
6608,PGOS25040
6609,UGOS25027
6610,UGOS25049
6611,PGOS25045
6612,UGOS25048
6613,UGOS25024
6614,PGOS25030
6615,PGOS25029
6616,UGOS25025
6617,PGOS25028
6618,UGOS25026
6619,PGOS25027
6620,UGOS25030
6621,UGOS25031
6622,UGOS25032
6623,UGOS25043
6624,PGOS25025
6625,UGOS25036
6626,PGOS25024
6627,PGOS25023
6628,UGOS25038
6629,PGOS25022
6630,PGOS25021
6631,UGOS25037
6632,UGOS25044
6633,UGOS25035
6634,UGOS25034
6635,UGOS25033
6636,PGOS25020
6637,PGOS25019
6638,PGOS25018
6639,UGOS25047
6640,UGOS25046
6641,PGOS25016
6642,UGOS25045
6643,UGOS25029
6644,PGOS25015
6645,UGOS25028
6646,PGOS25014
6647,PGOS25012
6648,PGOS25011
6649,PGOS25010
6650,PGOS25009
6651,UGOS25041
6652,UGOS25040
6653,PGOS25008
6654,PGOS25007
6655,UGOS25039
6656,PGOS25006
6657,PGOS25005
6658,PGOS25044
6659,PGOS25026
6660,UGOS25023
6661,UGOS25022
6662,PGOS25043
6663,UGOS25021
6664,UGOS25020
6665,UGOS25019
6666,UGOS25018
6667,PGOS25041
6668,UGOS25017
6669,PGOS25039
6670,UGOS25016
6671,PGOS25038
6672,UGOS25015
6673,PGOS25037
6674,PGOS25036
6675,PGOS25035
6676,UGOS25014
6677,PGOS25034
6678,UGOS25013
6679,UGOS25012
6680,UGOS25011
6681,UGOS25010
6682,UGOS25009
6683,UGOS25008
6684,UGOS25007
6685,UGOS25006
6686,UGOS25005
6687,PGOS25033
6688,UGOS25004
6689,UGOS25003
6690,PGOS25032
6691,PGOS25031
6692,UGOS25002
6693,UGOS25001
6694,PGOS25004
6695,PGOS25003
6696,PGOS25002
6697,PGOS25001
6698,PGO24171863
6699,PGO24298887
6700,UGO24299175
6701,PGO24306799
6702,PGO24308727
6703,PGO24306373
6704,PGO24307962
6705,PGO25336102
6706,PGO24298557
6707,PGO24298886
6708,PGO25688437
6709,UGO25681530
6710,UGO25688294
6711,PGO25685310
6712,PGO25683605
6713,UGO25688413
6714,PGO25683932
6715,UGO25684796
6716,UGO25686204
6717,PGO25648766
6718,UGO25682076
6719,PGO25687778
6720,PGO25335867
6721,UGO25688013
6722,PGO25688375
6723,PGO25679280
6724,UGO25681473
6725,PGO25682334
6726,PGO25687988
6727,UGO25686509
6728,UGO25684548
6729,UGO25669276
6730,PGO25688339
6731,PGO25525005
6732,PGO25551444
6733,PGO25687940
6734,PGO25678617
6735,UGO25684313
6736,PGO25683590
6737,PGO25688333
6738,UGO25687612
6739,UGO25588576
6740,UGO25688329
6741,PGO25685014
6742,UGO25688352
6743,PGO25674841
6744,UGO25514364
6745,PGO25687868
6746,UGO25687738
6747,UGO25686464
6748,UGO25688235
6749,UGO25685946
6750,PGO25639444
6751,PGO25687017
6752,PGO25600900
6753,UGO25687834
6754,UGO25688295
6755,PGO25688001-1
6756,PGO25688303
6757,PGO25467289
6758,UGO25688213
6759,PGO25671112
6760,PGO25624575
6761,UGO25688277
6762,PGO25675713
6763,UGO25674555
6764,PGO25688018
6765,PGO25688269
6766,PGO25652002
6767,UGO25655860
6768,PGO25688221
6769,UGO25678227
6770,PGO25682660
6771,PGO25685544
6772,PGO25688250
6773,UGO25688243
6774,PGO25688206
6775,UGO25684232
6776,UGO25645466
6777,UGO25688181
6778,PGO25686482
6779,UGO25632500
6780,UGO25667460
6781,UGO25686980
6782,UGO25688218
6783,PGO25688180
6784,UGO25685086
6785,UGO25688183
6786,PGO25687475
6787,PGO25687290
6788,UGO25688175
6789,PGO25644619
6790,PGO25683863
6791,PGO25682320
6792,PGO25662664
6793,PGO25687214
6794,PGO25686447
6795,PGO25525686
6796,PGO25688160
6797,UGO25682447
6798,PGO25687857
6799,PGO25687904
6800,PGO25687323
6801,UGO25685508
6802,UGO25687905
6803,PGO25688077
6804,PGO25686774
6805,PGO25672896
6806,UGO25684344
6807,UGO25681498
6808,UGO25687953
6809,PGO25688049
6810,PGO25665373
6811,UGO25687148
6812,UGO25686767
6813,PGO25685486
6814,PGO25687923
6815,UGO25687844
6816,PGO25156879
6817,PGO25631835
6818,UGO25613367
6819,PGO25687998
6820,PGO25687704
6821,PGO25680362
6822,PGO25687792
6823,PGO25687864
6824,PGO25687672
6825,UGO25687176
6826,PGO25684864
6827,PGO25626599
6828,PGO25501115
6829,PGO25681237
6830,PGO25687240
6831,PGO25685554
6832,UGO25687838
6833,UGO25687079
6834,PGO25572474
6835,PGO25687263
6836,PGO25681389
6837,UGO25687841
6838,PGO25687865
6839,UGO25620465
6840,PGO25675168
6841,UGO25680875
6842,PGO25675058
6843,PGO25687750
6844,UGO25687560
6845,PGO25687695
6846,UGO25687816
6847,PGO25687731
6848,PGO25687766
6849,PGO25687769
6850,PGO25687256
6851,PGO25354211
6852,UGO25683432
6853,PGO25679361
6854,PGO25685291
6855,PGO25684923
6856,UGO25673020
6857,UGO25684465
6858,PGO25670204
6859,PGO25682681
6860,UGO25684857
6861,UGO25687568
6862,PGO25662624
6863,UGO25652653
6864,UGO25685715
6865,UGO25662976
6866,PGO25551464
6867,PGO25687349
6868,PGO25686452
6869,PGO25686902
6870,PGO25651893
6871,PGO25687355
6872,PGO25687199
6873,PGO25686298
6874,PGO25684942
6875,PGO25687328
6876,PGO25683336
6877,PGO25687701
6878,PGO25683618
6879,PGO25687676
6880,PGO25683316
6881,PGO25687539
6882,PGO25687691
6883,UGO25642287
6884,UGO25683045
6885,UGO25687645
6886,UGO25686844
6887,UGO25482321
6888,UGO25685471
6889,PGO25621019
6890,PGO25673492
6891,PGO25687039
6892,PGO25687050
6893,PGO25485379
6894,PGO25687441
6895,UGO25646613
6896,PGO25687368
6897,PGO25609936
6898,PGO25685264
6899,PGO25686034
6900,PGO25685117
6901,UGO25686975
6902,UGO25294997
6903,UGO25685787
6904,PGO25686290
6905,PGO25684973
6906,UGO25684950
6907,UGO25673811
6908,PGO25671646
6909,PGO25671337
6910,UGO25671406
6911,PGO25687061
6912,UGO25687025
6913,UGO25645492
6914,PGO25686864
6915,PGO25686835
6916,UGO25663786
6917,PGO25666176
6918,PGO25684423
6919,UGO25686320
6920,PGO25684995
6921,PGO25629932
6922,PGO25683861
6923,UGO25672951
6924,UGO25469430
6925,UGO25684061
6926,PGO25686301
6927,PGO25671250
6928,UGO25661764
6929,UGO25649863
6930,PGO25670998
6931,PGO25681154
6932,UGO25657640
6933,PGO25685968
6934,PGO25685209
6935,PGO25684379
6936,PGO25686396
6937,PGO25681332
6938,UGO25686673
6939,UGO25686463
6940,UGO25651545
6941,UGO25686446
6942,PGO25686408
6943,PGO25679696
6944,PGO25686056
6945,UGO25676360
6946,PGO25683115
6947,PGO25683636
6948,UGO25612620
6949,PGO25371975
6950,PGO25681371
6951,UGO25669273
6952,UGO25685623
6953,UGO25685905
6954,PGO25337159
6955,UGO25645864
6956,UGO25683059
6957,UGO25679270
6958,UGO25685888
6959,PGO25667438
6960,PGO25671481
6961,UGO25684482
6962,UGO25683870
6963,PGO25673512
6964,UGO25685809
6965,PGO25685608
6966,PGO25658119
6967,PGO25684051
6968,PGO25685575
6969,PGO25670510
6970,PGO25684279
6971,UGO25179760
6972,PGO25685185
6973,PGO25683089
6974,UGO25679842
6975,UGO25675573
6976,PGO25673498
6977,PGO25669363
6978,PGO25674556
6979,PGO25681683
6980,PGO25683878
6981,UGO25674579
6982,PGO25685120
6983,UGO25683437
6984,UGO25684164
6985,PGO25681519
6986,PGO25673238
6987,PGO25685231
6988,PGO25685055
6989,PGO25685049
6990,UGO25684741
6991,UGO25684976
6992,UGO25683365
6993,PGO25684234
6994,PGO25658680
6995,PGOS25120
6996,UGOS25107
6997,PGO25671673
6998,UGO25513754
6999,UGO25606891
7000,UGO25683081
7001,PGO25682546
7002,UGO25682019
7003,PGO25620359
7004,UGO25684862
7005,PGO2533375
7006,PGO25614877
7007,PGO25684045
7008,PGO25684190
7009,PGO25680282
7010,PGO25684123
7011,PGO25684491
7012,PGO25650326
7013,UGO25684926
7014,PGO25642427
7015,UGO25669984
7016,PGO25632256
7017,UGO25679038
7018,PGO25668739
7019,PGO25684162
7020,UGO25647835
7021,UGO25681715
7022,UGO25671788
7023,PGO25684008
7024,PGO25683635
7025,PGO25671690
7026,PGO25683509
7027,PGO25684904
7028,UGO25558573
7029,PGO25684220
7030,PGO25583534
7031,UGO25684897
7032,PGO25671575
7033,PGO25684851
7034,UGO25681969
7035,PGO25684804
7036,UGO25656891
7037,PGO25585814
7038,PGO25669753
7039,PGOS25119
7040,PGOS25118
7041,UGOS25106
7042,UGOS25105
7043,UGOS25104
7044,UGOS25103
7045,UGOS25102
7046,UGOS25101
7047,UGO25672923
7048,UGO25682978
7049,PGO25681789
7050,UGO25683745
7051,UGO25682046
7052,PGO25683466
7053,PGO25684358
7054,UGO25633973
7055,PGO25684201
7056,UGO25684277
7057,PGO25670543
7058,PGO25678193
7059,PGO25679822
7060,PGO25669146
7061,UGO25683962
7062,PGO25683101
7063,PGO25683843
7064,PGO25683846
7065,UGO25657663
7066,PGO25682377
7067,PGO25682336
7068,UGO25681724
7069,PGO25671716
7070,PGO25682192
7071,UGO25667429
7072,PGO25683999
7073,UGO25619564
7074,PGO25490208
7075,UGO25681681
7076,PGO25679339
7077,PGO25673642
7078,PGO25668712
7079,PGO25664043
7080,PGO25662309
7081,PGO25664059
7082,PGO25652016
7083,PGO25641576
7084,PGO25675198
7085,PGO25681613
7086,PGO25682365
7087,UGO25681655
7088,PGO25681075
7089,UGO25664452
7090,PGO25683900
7091,UGO25670155
7092,PGO25682311
7093,UGO25664077
7094,PGO25647837
7095,UGO25663770
7096,UGO25662006
7097,PGO25682777
7098,UGO25682392
7099,PGO25673701
7100,UGO25682479
7101,PGO25676235
7102,PGO25657115
7103,UGO25681455
7104,PGO25682494
7105,UGO25683621
7106,UGO25234915
7107,PGO25549642
7108,UGO25277973
7109,UGO25161093
7110,UGOS25100
7111,UGOS25099
7112,UGOS25098
7113,UGOS25097
7114,UGOS25096
7115,UGOS25095
7116,UGOS25094
7117,UGOS25093
7118,PGOS25117
7119,PGOS25116
7120,PGOS25115
7121,PGOS25114
7122,PGOS25113
7123,PGOS25112
7124,PGOS25111
7125,PGOS25110
7126,PGO25683213
7127,UGO25683009
7128,UGO25469546
7129,PGO25660875
7130,PGO25506603
7131,PGO25679382
7132,PGO25673584
7133,UGO25677301
7134,PGO25648565
7135,PGO25680487
7136,PGO25664399
7137,PGO25649511
7138,UGO25682364
7139,UGO25682114
7140,PGO25596340
7141,PGO25677827
7142,UGO25657846
7143,PGO25656738
7144,PGO25673500
7145,PGO25673519
7146,UGO25597464
7147,PGO25674569
7148,PGO25673515
7149,PGO25681704
7150,UGO25679459
7151,UGO25395406
7152,UGO25470549
7153,UGO25669811
7154,UGO25678350
7155,PGO25673585
7156,UGO25672844
7157,PGO25673504
7158,PGO25673499
7159,PGO25673488
7160,PGO25673493
7161,PGO25426492
7162,UGO25675053
7163,PGO25673832
7164,UGO25673173
7165,UGO25660179
7166,PGO25669287
7167,UGO25630682
7168,PGO25675347
7169,PGO25666981
7170,UGO25621039
7171,PGO25673435
7172,UGO25664792
7173,PGO25678544
7174,PGO25651590
7175,PGO25681958
7176,PGO25634228
7177,PGO25665931
7178,PGO25676216
7179,UGO25597043
7180,PGO25532901
7181,UGO25681426
7182,UGO25660136
7183,PGO25647275
7184,UGO25681100
7185,PGO25650367
7186,UGO25668218
7187,UGO25621048
7188,PGOS25109
7189,PGOS25108
7190,PGOS25107
7191,PGOS25106
7192,PGOS25105
7193,PGOS25104
7194,PGOS25103
7195,PGOS25102
7196,PGOS25101
7197,PGOS25100
7198,PGOS25099
7199,PGOS25098
7200,PGOS25097
7201,PGOS25096
7202,PGOS25095
7203,PGOS25094
7204,PGOS25093
7205,UGOS25092
7206,UGOS25091
7207,UGOS25090
7208,UGOS25089
7209,UGOS25088
7210,UGOS25087
7211,UGOS25086
7212,UGOS25085
7213,UGOS25084
7214,UGOS25083
7215,UGOS25082
7216,UGOS25081
7217,UGOS25080
7218,UGOS25079
7219,UGOS25078
7220,UGOS25077
7221,PGO25647566
7222,PGO25667165
7223,PGO25679086
7224,PGO25673586
7225,UGO25679341
7226,UGO25676248
7227,PGO25679057
7228,UGO25663136
7229,PGO25671415
7230,UGO25675156
7231,UGO25679553
7232,PGO25673703
7233,PGO25675299
7234,PGO25674493
7235,UGO25666834
7236,PGO25468960
7237,UGO25628778
7238,UGO25678145
7239,UGO25680203
7240,PGO25679660
7241,PGO25679470
7242,UGOS25076
7243,UGOS25075
7244,UGOS25074
7245,UGOS25073
7246,UGOS25072
7247,UGOS25071
7248,UGOS25070
7249,UGOS25069
7250,UGOS25068
7251,UGOS25067
7252,UGOS25066
7253,UGOS25065
7254,UGOS25062
7255,UGOS25061
7256,UGOS25060
7257,UGOS25059
7258,UGOS25058
7259,UGOS25057
7260,UGOS25056
7261,UGOS25055
7262,UGOS25054
7263,UGOS25053
7264,UGOS25052
7265,UGOS25051
7266,UGOS25050
7267,PGOS25092
7268,PGOS25091
7269,PGOS25090
7270,PGOS25089
7271,PGOS25088
7272,PGOS25087
7273,PGOS25086
7274,PGOS25085
7275,PGOS25084
7276,PGOS25083
7277,PGOS25082
7278,PGOS25081
7279,PGOS25080
7280,PGOS25079
7281,PGOS25078
7282,PGOS25077
7283,PGOS25076
7284,PGOS25075
7285,PGOS25074
7286,PGOS25073
7287,PGOS25072
7288,PGOS25071
7289,PGOS25070
7290,PGOS25069
7291,PGOS25068
7292,PGOS25067
7293,PGOS25066
7294,PGOS25064
7295,PGOS25063
7296,PGOS25062
7297,PGOS25061
7298,PGOS25060
7299,PGOS25059
7300,PGOS25058
7301,PGOS25057
7302,PGOS25056
7303,PGOS25055
7304,PGOS25054
7305,PGOS25053
7306,PGOS25052
7307,PGOS25051
7308,PGOS25050
7309,PGOS25049
7310,PGOS25048
7311,PGOS25047
7312,PGOS25046
7313,PGO25675021
7314,UGO25678155
7315,PGO25677385
7316,PGO25632632
7317,UGO25679487
7318,PGO25673413
7319,UGO25649886
7320,PGO25668606
7321,UGO25675470
7322,PGO25678196
7323,UGO25678044
7324,UGO25667932
7325,UGO25678081
7326,PGO25647910
7327,PGO25677276
7328,UGO25673374
7329,UGO25656593
7330,PGO25678363
7331,PGO25466276
7332,PGO25673517
7333,PGO25673495
7334,PGO25673511
7335,PGO25673507
7336,PGO25673503
7337,PGO25673509
7338,PGO25673505
7339,PGO25673494
7340,PGO25673506
7341,PGO25673510
7342,PGO25673489
7343,PGO25673490
7344,PGO25673496
7345,PGO25673502
7346,PGO25673508
7347,PGO25673518
7348,PGO25673497
7349,PGO25673501
7350,PGO25673516
7351,PGO25673587
7352,PGO25673491
7353,PGO25673514
7354,PGO25673513
7355,UGO25670053
7356,PGO25672061
7357,PGO25671067
7358,PGO25669457
7359,UGO25601799
7360,PGO25592412
7361,UGO25671104
7362,UGO25645512
7363,UGO25664398
7364,UGO25664217
7365,UGO25668167
7366,UGO25675963
7367,PGO25678024
7368,PGO25669333
7369,UGO25675602
7370,PGO25675041
7371,PGO25663823
7372,UGO25672940
7373,UGO25660199
7374,UGO25677497
7375,UGO25677325
7376,UGO25668445
7377,UGO25633919
7378,PGO25670234
7379,UGO25666991
7380,PGO25675960
7381,PGO25660669
7382,PGO25664044
7383,PGO25640076
7384,PGO25674457
7385,UGO25601056
7386,PGO25672837
7387,PGO25675974
7388,PGO25594840
7389,PGO25669340
7390,UGO25676101
7391,PGO25660111
7392,UGO25663700
7393,PGO25667045
7394,UGO25666027
7395,PGO25674943
7396,UGO25652380
7397,PGO25673553
7398,UGO25650633
7399,PGO25661633
7400,UGO25673696
7401,UGO25671011
7402,UGO25668671
7403,UGO25675346
7404,UGO25675024
7405,PGO25664532
7406,UGO25675049
7407,UGO25675284
7408,PGO25671345
7409,UGO25675222
7410,UGO25671480
7411,UGO25643109
7412,UGO25670390
7413,UGO25674931
7414,PGO25675060
7415,PGO25668998
7416,UGO25675026
7417,UGO25664703
7418,PGO25673649
7419,UGO25650759
7420,PGO25663720
7421,UGO25533051
7422,PGO25663848
7423,PGO25673727
7424,UGO25650592
7425,UGO25674877
7426,UGO25674863
7427,UGO25660021
7428,UGO25674869
7429,UGO25660158
7430,UGO25661217
7431,UGO25654350
7432,UGO25668989
7433,PGO25674662
7434,PGO25647289
7435,PGO25674564
7436,UGO25672866
7437,PGO25171446
7438,UGO25671056
7439,UGO25673650
7440,UGO25670957
7441,pgosy25020
7442,pgosy25019
7443,UGO25537594
7444,PGO25669940
7445,PGO25512798
7446,PGO25651445
7447,UGO25662764
7448,PGO25600676
7449,UGO25660160
7450,PGO25673017
7451,UGO25650647
7452,PGO25648744
7453,UGO25664634
7454,UGO25673938
7455,UGO25671842
7456,PGO25665727
7457,PGO25533769
7458,UGO25606303
7459,PGO25443420
7460,UGO25664638
7461,PGO25650785
7462,PGO25666949
7463,PGO25665429
7464,UGO25644335
7465,PGO25670689
7466,PGO25668603
7467,UGO25672817
7468,UGO25673551
7469,UGO25667020
7470,PGO25636782
7471,PGO25661766
7472,UGO25665682
7473,PGO25671039
7474,UGO25663808
7475,UGO25663595
7476,PGO25673244
7477,PGO25359748
7478,UGO25660208
7479,PGO25669078
7480,UGO25670811
7481,UGO25657785
7482,UGO25669154
7483,PGO25668658
7484,PGO25626685
7485,PGO25659099
7486,UGO25662589
7487,PGO25594965
7488,UGO25660204
7489,PGO25667088
7490,PGO25647204
7491,UGO25653110
7492,UGO25664070
7493,PGO25672871
7494,UGO25585434
7495,UGO2544005
7496,PGO25503475
7497,PGO25666145
7498,UGO25667202
7499,UGO25658056
7500,UGO25670010
7501,UGO25671510
7502,PGO25670617
7503,PGO25665932
7504,PGO25671412
7505,UGO25667568
7506,UGO25653132
7507,UGO25670424
7508,UGO25670976
7509,PGO25668759
7510,UGO25547711
7511,UGO25616341
7512,UGO25643203
7513,PGO25557094
7514,PGO25635030
7515,UGO25670006
7516,UGO25651595
7517,UGO25654366
7518,UGO25670197
7519,PGO25639856
7520,UGO25669216
7521,UGO25663591
7522,PGO25669920
7523,PGO25669545
7524,UGO25661942
7525,PGO25669381
7526,UGO25669342
7527,PGO25669338
7528,PGO25668849
7529,UGO25657738
7530,UGO25669184
7531,PGO25660197
7532,UGO25669110
7533,PGO25669039
7534,UGO25667422
7535,PGO25665895
7536,UGO25664141
7537,UGO25643065
7538,UGO25667638
7539,PGO25666395
7540,UGO25650562
7541,UGO25668082
7542,UGO25657151
7543,UGO25658455
7544,PGO25663697
7545,UGO25667454
7546,UGO25667457
7547,UGO25665512
7548,PGO25576518
7549,PGO25666830
7550,UGO25667331
7551,PGO25642916
7552,PGO25667467
7553,PGO25665811
7554,PGO25667238
7555,UGO25667114
7556,UGO25639635
7557,UGO25650353
7558,UGO25667326
7559,UGO25653165
7560,PGO25607420
7561,PGO25667188
7562,PGO25664723
7563,UGO25666220
7564,UGO25621996
7565,UGO25665924
7566,UGO25596214
7567,UGO25666960
7568,UGO25665816
7569,UGO25665570
7570,UGO25665539
7571,UGO25645599
7572,PGO25626742
7573,PGO25653780
7574,UGO25663019
7575,PGO25663694
7576,UGO25613195
7577,UGO25659249
7578,PGO25666099
7579,UGO25666053
7580,UGO25665840
7581,UGO25603367
7582,PGO25665128
7583,UGO25662994
7584,UGO25656329
7585,PGO25651685
7586,PGO25647102
7587,PGO25661104
7588,PGO25664391
7589,PGO25665791
7590,PGO25658105
7591,UGO25665649
7592,PGO25660089
7593,PGO25657448
7594,UGO25653159
7595,UGO25646530
7596,UGO25659726
7597,UGO25659749
7598,PGO25508486
7599,PGO25662875
7600,UGO25650628
7601,PGO25665275
7602,PGO25665460
7603,PGO25451119
7604,UGO25665306
7605,UGO25641889
7606,PGO25659138
7607,UGO25610740
7608,PGO25660322
7609,PGO25647982
7610,UGO25664846
7611,PGO25661602
7612,PGO25663969
7613,PGO25656682
7614,PGO25631934
7615,PGO25653739
7616,UGO25632187
7617,PGO25661823
7618,PGO25624998
7619,PGO25653478
7620,PGO25584680
7621,UGO25660822
7622,PGO25663702
7623,PGO25646221
7624,PGO25655467
7625,UGO25662612
7626,UGO25630537
7627,UGO25661913
7628,PGO25661822
7629,PGO25649866
7630,PGO25650254
7631,PGO25656948
7632,PGO25490813
7633,UGO25133815
7634,UGO25614409
7635,UGO25653378
7636,PGO25663163
7637,PGO25662950
7638,UGO25660485
7639,PGO25600291
7640,PGO25661775
7641,UGO25662810
7642,PGO25657559
7643,PGO25660061
7644,PGO25656675
7645,PGO25641715
7646,PGO25659954
7647,UGO25626988
7648,PGO25630412
7649,UGO25647941
7650,PGO25176283
7651,UGO25520429
7652,PGO25661659
7653,UGO25542222
7654,PGO25551623
7655,PGO25659959
7656,UGO25661665
7657,UGO25661761
7658,PGO25659700
7659,UGO25610687
7660,PGO25660149
7661,UGO25649404
7662,UGO25649942
7663,UGO25658294
7664,PGO25661044
7665,UGO25656374
7666,UGO25659096
7667,UGO25650091
7668,PGO25632932
7669,PGO25486054
7670,PGO25647165
7671,UGO25653499
7672,PGO25658944
7673,UGO25660055
7674,UGO25659312
7675,PGO25657122
7676,UGO25650886
7677,UGO25658158
7678,PGO25659824
7679,UGO25588825
7680,PGO25657874
7681,UGO25600757
7682,UGO25658347
7683,PGO25639170
7684,UGO25635997
7685,UGO25633588
7686,PGO25659541
7687,PGO25648738
7688,UGO25643544
7689,UGO25659027
7690,PGO25658167
7691,UGO25658001
7692,UGO25561964
7693,PGO25638429
7694,PGO25657614
7695,UGO25656591
7696,PGO25638426
7697,PGO25649012
7698,UGO25650716
7699,UGO25504208
7700,UGO25657954
7701,PGO25644142
7702,UGO25641747
7703,PGO25655973
7704,PGO25369451
7705,PGO25641444
7706,PGO25513984
7707,PGO25650862
7708,PGO25650828
7709,PGO25549060
7710,UGO25643364
7711,PGO25641552
7712,UGO25655798
7713,PGO25654300
7714,PGO25650080
7715,UGO25653322
7716,UGO25656585
7717,UGO25648928
7718,UGO25651355
7719,UGO25644078
7720,UGO25626479
7721,UGO25656069
7722,UGO25650623
7723,PGO25641582
7724,PGO25637236-1
7725,UGO25646533
7726,PGO25614659
7727,UGO25652574
7728,PGO25372041
7729,UGO25640198
7730,UGO25652241
7731,UGO25602051
7732,UGO25650855
7733,PGO25653740
7734,PGO25647581
7735,UGO25475019
7736,UGO25653150
7737,UGO25645524
7738,PGO25654235
7739,PGO25551095
7740,UGO25650225
7741,UGO25653709
7742,UGO25423847
7743,PGO25467534
7744,UGO25653878
7745,PGO25623516
7746,UGO25653414
7747,UGO25653274
7748,UGO25653985
7749,PGO25647634
7750,PGO25653544
7751,UGO25643859
7752,PGO25652187
7753,PGO25653801
7754,UGO25646974
7755,PGO25651927
7756,UGO25653379
7757,UGO25647337
7758,UGO25653515
7759,PGO25609143
7760,PGO25652136
7761,UGO25628917
7762,UGO25599398
7763,PGO25336894
7764,PGO25651337
7765,UGO25639522
7766,UGO25653170
7767,PGO25594449
7768,PGO25636425
7769,UGO25643214
7770,PGO25637808
7771,PGO25605703
7772,UGO25650171
7773,UGO25648530
7774,UGO25651587
7775,UGO25648863
7776,PGO25652206
7777,PGO25651810
7778,PGO25536686
7779,PGO25651517
7780,UGO25651971
7781,UGO25645281
7782,UGO25650140
7783,PGO25649874
7784,PGO25649405
7785,PGO25648636
7786,UGO25630240
7787,PGO25650339
7788,PGO25639499
7789,UGO25623017
7790,UGO25645763
7791,PGO25643889
7792,PGO25645912
7793,UGO25639982
7794,PGO25649510
7795,UGO25600062
7796,UGO25649463
7797,UGO25645278
7798,UGO25650216
7799,PGO25650478
7800,UGO25644166
7801,PGO25645549
7802,PGO25647145
7803,UGO25650335
7804,UGO25645471
7805,UGO25647454
7806,UGO25646622
7807,UGO25648567
7808,PGO25650264
7809,UGO25650414
7810,UGO25647406
7811,pgosy25016
7812,PGO25643015
7813,PGO25637908
7814,PGO25637028
7815,PGO25649441
7816,UGO25641531
7817,UGO25647193
7818,UGO25634504
7819,PGO25646071
7820,UGO25645619
7821,PGO25641083
7822,UGO25647205
7823,UGO25542153
7824,UGO25632718
7825,PGO25646177
7826,PGO25635774
7827,PGO25558805
7828,UGO25568124
7829,PGO25643957
7830,PGO25647056
7831,UGO25648344
7832,UGO25567748
7833,UGO25649422
7834,PGO25648026
7835,UGO25642936
7836,UGO25648841
7837,PGO25645067
7838,PGO25648615
7839,UGO25640110
7840,UGO25648695
7841,PGO25644547
7842,UGO25636358
7843,PGO25640007
7844,UGO25646403
7845,UGO25642902
7846,UGO25589387
7847,UGO25643959
7848,PGO25645264
7849,UGO25637069
7850,UGO25637624
7851,UGO25644662
7852,PGO25647969
7853,PGO25647113
7854,PGO25646286
7855,PGO25647288
7856,UGO25647471
7857,PGO25589460
7858,UGO25453620
7859,UGO25582914
7860,UGO25600256
7861,PGO25643247
7862,UGO25647600
7863,UGO25647415
7864,UGO25632121
7865,PGO25641297
7866,UGO25603157
7867,UGO25634477
7868,PGO25633842
7869,PGO25645955
7870,UGO25609156
7871,UGO25646729
7872,PGO25641227
7873,UGO25641492
7874,UGO25644193
7875,UGO25646208
7876,UGO25640446
7877,PGO25639129
7878,PGO25641415
7879,PGO25609969
7880,PGO25644618
7881,UGO25604958
7882,UGO25645780
7883,PGO25643763
7884,PGO25645627
7885,UGO25645563
7886,PGO25568385
7887,PGO25640898
7888,PGO25595165
7889,UGO25644357
7890,PGO25482809
7891,PGO25639958
7892,PGO25642820
7893,UGO25629134
7894,UGO25637909
7895,UGO25611106
7896,UGO25636315
7897,UGO25617203
7898,PGO25535151
7899,PGO25605567
7900,UGO25637759
7901,PGO25638434
7902,UGO25628685
7903,UGO25644588
7904,UGO25615345
7905,PGO25634135
7906,UGO25625077
7907,PGO25641306
7908,PGO25644196
7909,PGO25627715
7910,PGO25642761
7911,UGO25619187
7912,UGO25643894
7913,UGO25595216
7914,PGO25601296
7915,PGO25643774
7916,UGO25641303
7917,UGO25643720
7918,PGO25640796
7919,UGO25642848
7920,UGO25629971
7921,UGO25635531
7922,PGO25633561
7923,PGO25643044
7924,PGO25616681
7925,UGO25623481
7926,UGO25643395
7927,PGO25623517
7928,PGO25620473
7929,UGO24314281
7930,UGO25634157
7931,UGO25622703
7932,UGO25621331
7933,UGO25632260
7934,UGO25632246
7935,PGO25643207
7936,PGO25642964
7937,PGO25639588
7938,PGO25580396
7939,PGO25642828
7940,PGO25634221
7941,PGO25642499
7942,UGO25639085
7943,UGO25640152
7944,PGO25642873
7945,PGO25642888
7946,UGO25530233
7947,PGO25633799
7948,UGO25642760
7949,UGO25636560
7950,PGO25620393
7951,PGO25607592
7952,PGO25622435
7953,PGO25620826
7954,UGO25630032
7955,PGO25623351
7956,UGO25624810
7957,PGO25642640
7958,UGO25639966
7959,UGO25642343
7960,PGO25641569
7961,UGO25642565
7962,PGO25628582
7963,PGO25642506
7964,PGO25642593
7965,PGO25641344
7966,PGO25637817
7967,PGO25641429
7968,PGO25634150
7969,PGO25621602
7970,UGO25630595
7971,UGO25641443
7972,PGO25642333
7973,PGO25625101-1
7974,PGO25637830
7975,PGO25642054
7976,PGO25623443
7977,PGO25628350
7978,PGO25641259
7979,UGO25628726
7980,UGO25567186
7981,UGO25633043
7982,PGO25641003
7983,UGO25641477
7984,UGO25628722
7985,UGO25641074
7986,PGO25639169
7987,PGO25534351
7988,UGO25634444
7989,PGO25635593
7990,UGO25631655
7991,PGO25633649
7992,PGO25641350
7993,PGO25604883
7994,PGO25628126
7995,PGO25641348
7996,UGO25640619
7997,UGO25639832
7998,UGO25631701
7999,PGO25639168
8000,PGO25637899
8001,PGO25497607
8002,UGO25631903
8003,PGO25637300
8004,PGO25573143
8005,PGO25640932
8006,PGO25639530
8007,PGO25639488
8008,PGO25618783
8009,PGO25639621
8010,UGO25638361
8011,PGO25638432
8012,PGO25635548
8013,PGO25628438
8014,PGO25630290
8015,PGO25638027
8016,UGO25634212
8017,PGO25500370
8018,UGO25626255
8019,PGO25640058
8020,PGO25621028
8021,PGO25633484
8022,PGO25609539
8023,PGO25637878
8024,UGO25632112
8025,PGO25639626
8026,UGO25439756
8027,PGO25639607
8028,PGO25553998
8029,UGO25632529
8030,PGO25611332
8031,PGO25623398
8032,PGO25634385
8033,UGO25639614
8034,UGO25609252
8035,PGO25633542
8036,PGO25633723
8037,UGO25439854
8038,UGO25631938
8039,PGO25639343
8040,PGO25634911
8041,PGO25472595
8042,PGO25598161
8043,UGO25586480
8044,UGO25618966
8045,PGO25634117
8046,PGO25624956
8047,PGO25487462
8048,PGO25626819
8049,UGO25632524
8050,PGO25636492
8051,PGO25633721
8052,UGO25623055
8053,PGO25595419
8054,PGO25559479
8055,UGO25620867
8056,UGO25637497
8057,PGO25619624
8058,UGO25637963
8059,UGO25636067
8060,UGO25624760
8061,UGO25550337
8062,PGO25592771
8063,UGO25527870
8064,PGO25637614
8065,PGO25630704
8066,PGO25637126
8067,UGO25607398
8068,UGO25617601
8069,PGO25637536
8070,UGO25624906
8071,PGO25630982
8072,UGO25486715
8073,PGO25629996
8074,PGO25632113
8075,PGO25628426
8076,UGO25636005
8077,PGO25614508
8078,PGO25619492
8079,PGO25544316
8080,UGO25636609
8081,PGO25634662
8082,PGO25633970
8083,UGO25558807
8084,PGO25634361
8085,UGO25609939
8086,PGO25628143
8087,UGO25581852
8088,PGO25602769
8089,UGO25634815
8090,UGO25492686
8091,UGO25635538
8092,UGO25633671
8093,UGO25629242
8094,PGO25623515
8095,UGO25631959
8096,UGO25422242
8097,PGO25394383
8098,PGO25616460
8099,PGO25614581
8100,PGO25602221
8101,UGO25630804
8102,UGO25625292
8103,PGO25600157
8104,PGO25635280
8105,UGO25588082
8106,UGO25633576
8107,PGO25621607
8108,UGO25632306
8109,UGO25633925
8110,UGO25634376
8111,PGO25137088
8112,PGO25633701
8113,UGO25608514
8114,PGO25618906
8115,PGO25630464
8116,PGO25645495
8117,PGO25631854
8118,PGO25631932
8119,UGO25634125
8120,PGO25538500
8121,PGO25479513
8122,UGO25633451
8123,UGO25618954
8124,PGO25633584
8125,UGO25632166
8126,PGO25598739
8127,PGO25629132
8128,UGO25613229
8129,UGO25624214
8130,pgosy25018
8131,pgosy25017
8132,pgosy25015
8133,pgosy25014
8134,pgosy25013
8135,ugosy25013
8136,UGO25632832
8137,PGO25631927
8138,PGO25630317
8139,UGO25619426
8140,UGO25619455
8141,UGO25632278
8142,UGO25621247
8143,UGO25631813
8144,UGO25622419
8145,UGO25632217
8146,PGO25628919
8147,UGO25627876
8148,PGO25405053
8149,PGO25572035
8150,UGO25628704
8151,UGO25628643
8152,UGO25630569
8153,PGO25625126
8154,PGO25407330
8155,UGO25631836
8156,PGO25620796
8157,PGO25630294
8158,PGO25625396
8159,PGO25626652
8160,PGO25622261
8161,UGO25630090
8162,PGO25631074
8163,PGO25626675
8164,UGO25626471
8165,UGO25630675
8166,UGO25602066
8167,UGO25626738
8168,PGO25630389
8169,PGO25620335
8170,UGO25630578
8171,UGO25624670
8172,PGO25618514
8173,PGO25596552
8174,PGO25624618
8175,UGO25624354
8176,UGO25620680
8177,UGO25587061
8178,PGO25621074
8179,UGO25624244
8180,UGO25600290
8181,UGO25621881
8182,UGO25627262
8183,UGO25628476
8184,PGO25628987
8185,PGO25471361
8186,PGO25586019
8187,PGO25628148
8188,UGO25627126
8189,UGO25610941
8190,UGO25623347
8191,PGO25581878
8192,UGO25579060
8193,UGO25626561
8194,PGO25584493
8195,PGO25611230
8196,UGO25620755
8197,PGO25620716
8198,UGO25628428
8199,UGO25616268
8200,PGO25600695
8201,UGO25627214
8202,PGO25620715
8203,PGO25623552
8204,PGO25619408
8205,PGO25625124
8206,PGO25609324
8207,UGO25616625
8208,PGO25602491
8209,UGO25627165
8210,UGO25578903
8211,PGO25596859
8212,PGO25626668
8213,PGO25627178
8214,PGO25627196
8215,PGO25626518
8216,UGO25587177
8217,UGO25614974
8218,UGO25614938
8219,UGO25605100
8220,PGO25621066
8221,PGO25626412
8222,PGO25623010
8223,UGO25626906
8224,PGO25626583
8225,UGO25520829
8226,PGO25625327
8227,PGO25626831
8228,PGO25625265
8229,UGO25626626
8230,PGO25558194
8231,PGO25597003
8232,PGO25603379
8233,UGO25544281
8234,PGO25338092
8235,UGO25623587
8236,PGO25626594
8237,PGO25626606
8238,PGO25626406
8239,PGO25625010
8240,PGO25626523
8241,UGO25624958
8242,UGO25624524
8243,PGO25626291
8244,UGO25626290
8245,PGO25626355
8246,PGO25616725
8247,UGO25622664
8248,PGO25609153
8249,UGO25626307
8250,UGO25618985
8251,UGO25623217
8252,PGO25625707
8253,PGO25625324
8254,UGO25579751
8255,UGO25625354
8256,UGO25624175
8257,UGO25620948
8258,UGO25605605
8259,PGO25504201
8260,PGO25557946
8261,UGO25551763
8262,PGO25625125
8263,UGO25623290
8264,UGO25623981
8265,PGO25624481
8266,UGO25624845
8267,UGO25613704
8268,PGO25624824
8269,UGO25610731
8270,UGO25619416
8271,PGO25611117
8272,PGO25614404
8273,PGO25621418
8274,PGO25619258
8275,UGO25596941
8276,PGO25617453
8277,PGO25624518
8278,UGO25615347
8279,PGO25623539
8280,UGO25617087
8281,UGO25617449
8282,UGO25554072
8283,UGO25618768
8284,UGO25624430
8285,UGO25624390
8286,PGO25608951
8287,PGO25618857
8288,UGO25618996
8289,PGO25557951
8290,UGO25614328
8291,UGO25619195
8292,PGO25525106
8293,PGO25618415
8294,PGO25621505
8295,PGO25623203
8296,PGO25619634
8297,PGO25609506
8298,PGO25623378
8299,PGO25622284
8300,UGO25615679
8301,UGO25588234
8302,PGO25451356
8303,PGO25620696
8304,UGO25527155
8305,UGO25623161
8306,PGO25611379
8307,UGO25615249
8308,PGO25609398
8309,UGO25623044
8310,PGO25611624
8311,UGO25622791
8312,PGO25620420
8313,UGO25622917
8314,UGO25604520
8315,PGO25621495
8316,PGO25621490
8317,PGO25622550
8318,UGO25617785
8319,UGO25620456
8320,UGO25622572
8321,UGO25618687
8322,PGO25622523
8323,UGO25218747
8324,UGO25622332
8325,PGO25622433
8326,PGO25617567
8327,UGO25608395
8328,PGO25615173
8329,PGO25586776
8330,PGO25613588
8331,UGO25619303
8332,PGO25618512
8333,PGO25621013
8334,UGO25621149
8335,PGO25604282
8336,PGO25602796
8337,UGO25441825
8338,UGO25621241
8339,UGO25621128
8340,PGO25611299
8341,UGO25616289
8342,UGO25616422
8343,PGO25620410
8344,PGO25620527
8345,UGO25613836
8346,PGO25605585
8347,UGO25620745
8348,PGO25593554
8349,UGO25587617
8350,UGO25501133
8351,PGO25618746
8352,UGO25619338
8353,UGO25611211
8354,UGO25592966
8355,UGO25477971
8356,UGO25600233
8357,PGO25600270
8358,UGO25607326
8359,PGO25613231
8360,PGO25608822
8361,PGO25619528
8362,PGO25560297
8363,UGO25592764
8364,UGO25607794
8365,PGO25609186
8366,PGO25505981
8367,PGO25618423
8368,UGO25614889
8369,PGO25603104
8370,PGO25617566
8371,PGO25582639
8372,PGO25617250
8373,PGO25618459
8374,UGO25619159
8375,UGO25618839
8376,UGO25615040
8377,PGO25618380
8378,UGO25618958
8379,UGO25607271
8380,PGO25545843
8381,PGO25607324
8382,UGO25618391
8383,PGO25579895
8384,PGO25606236
8385,PGO25616357
8386,UGO25614463
8387,PGO25614438
8388,PGO25608222
8389,PGO25603339
8390,PGO25607421
8391,PGO25617389
8392,UGO25616694
8393,UGO25568086
8394,UGO25617101
8395,UGO25603962
8396,UGO25567357
8397,PGO25615317
8398,PGO25604923
8399,PGO25607827
8400,PGO25609968
8401,PGO25616467
8402,UGO25616878
8403,PGO25617132
8404,PGO25593448
8405,UGO25598081
8406,PGO25616882
8407,UGO25612569
8408,UGO25474783
8409,PGO25534934
8410,PGO25520673
8411,PGO25608863
8412,PGO25520277
8413,UGO25562573
8414,PGO25615211
8415,PGO25614588
8416,PGO25616609
8417,PGO25611792
8418,PGO25610098
8419,PGO25609208
8420,PGO25593064
8421,PGO25616271
8422,PGO25588130
8423,PGO25607847
8424,UGO25610794
8425,PGO25615182
8426,UGO25523273
8427,UGO25607293
8428,UGO25614694
8429,PGO25614662
8430,PGO25615090
8431,UGO25614235
8432,PGO25610955
8433,UGO25532179
8434,PGO25608273
8435,UGO25614346
8436,PGO25603552
8437,PGO25615020
8438,PGO25427603
8439,PGO25614847
8440,UGO25611178
8441,PGO25614652
8442,PGO25614787
8443,UGO25608440
8444,PGO25605920
8445,UGO25614805
8446,UGO25405417
8447,UGO25611361
8448,PGO25594402
8449,UGO25611413
8450,PGO25609286
8451,PGO25609612
8452,UGO25606115
8453,PGO25552927
8454,PGO25603872
8455,UGO25609984
8456,PGO25614210
8457,UGO25609726
8458,UGO25608961
8459,UGO25597611
8460,PGO25513761
8461,UGO25602683
8462,UGO25531295
8463,UGO25609489
8464,PGO25602338
8465,PGO25559879
8466,UGO25601073
8467,UGO25242543
8468,PGO25552392
8469,UGO25612613
8470,UGO25600456
8471,UGO25611704
8472,UGO25610759
8473,UGO25611690
8474,PGO25610877
8475,PGO25602757
8476,PGO25608343
8477,PGO25611165
8478,PGO25567572
8479,PGO25611296
8480,PGO25611442
8481,UGO25600804
8482,PGO25609053
8483,UGO25611367
8484,UGO25601541
8485,PGO25609879
8486,PGO25592615
8487,PGO25607587
8488,PGO25609146
8489,UGO25610934
8490,PGO25609628
8491,UGO25609444
8492,PGO25606116
8493,PGO25606370
8494,PGO25603731
8495,UGO25608930
8496,PGO25609546
8497,UGO25605389
8498,UGO25607347
8499,PGO25602764
8500,PGO25567506
8501,PGO25609559
8502,UGO25609507
8503,UGO25610342
8504,UGO25610134
8505,PGO25608924
8506,PGO25208832
8507,PGO25603211
8508,UGO25607442
8509,UGO25609457
8510,PGO25606156
8511,UGO25609622
8512,PGO25590748
8513,PGO25592977
8514,PGO25596347
8515,UGO25490605
8516,PGO25607580
8517,UGO25606572
8518,UGO25608495
8519,PGO25603653
8520,PGO25606194
8521,PGO24200374
8522,UGO25600808
8523,UGO25514272
8524,UGO25582763
8525,UGO25607964
8526,PGO25600252
8527,UGO25598524
8528,UGO25607841
8529,UGO25608868
8530,UGO25604349
8531,UGO25407918
8532,UGO25608921
8533,PGO25449545
8534,UGO25600605
8535,PGO25605543
8536,PGO25608435
8537,UGO25604195
8538,UGO25607839
8539,PGO25600665
8540,PGO25570757
8541,UGO25599792
8542,UGO25501884
8543,UGO25608391
8544,UGO25593542
8545,UGO25607048
8546,PGO25603052
8547,UGO25601359
8548,UGO25592757
8549,UGO25605533
8550,PGO25607455
8551,UGO25603581
8552,PGO25584395
8553,PGO25590800
8554,PGO25605288
8555,PGO25542463
8556,PGO25606149
8557,UGO25607478
8558,PGO25597862
8559,PGO25600926
8560,UGO25607134
8561,UGO25605938
8562,PGO25600098
8563,UGO25582143
8564,UGO2552565
8565,PGO25605054
8566,PGO25563138
8567,PGO25604893
8568,UGO25605637
8569,UGO25539721
8570,UGO25514489
8571,UGO25606359
8572,PGO25600438
8573,PGO25498722
8574,UGO25602593
8575,PGO25596455
8576,UGO25606452
8577,PGO25600204
8578,PGO25589808
8579,PGO25559594
8580,PGO25601838
8581,PGO25604928
8582,UGO25603455
8583,UGO25603039
8584,PGO25602935
8585,PGO25604965
8586,PGO25586109
8587,UGO25590591
8588,PGO25543486
8589,UGO25597958
8590,PGO25421637
8591,UGO25594980
8592,PGO25582972
8593,PGO25582893
8594,PGO25588886
8595,PGO25567373
8596,PGO25588620
8597,UGO25605051
8598,PGO25449253
8599,PGO25602658
8600,PGO25470194
8601,UGO25599309
8602,UGO25602546
8603,PGO25602557
8604,UGO25602434
8605,PGO25592740
8606,PGO25600487
8607,UGO25549546
8608,PGO25602644
8609,PGO25589436
8610,PGO25604784
8611,PGO25603240
8612,PGO25588493
8613,UGO25597734
8614,PGO25557144
8615,PGO25589970
8616,PGO25603426
8617,PGO25543408
8618,PGO25575746
8619,PGO25567821
8620,UGO25590145
8621,UGO25604065
8622,PGO25304710
8623,PGO25400317
8624,PGO25557195
8625,PGO25578382
8626,UGO25599902
8627,UGO25595190
8628,PGO25595096
8629,PGO25603191
8630,PGO25603252
8631,UGO25588045
8632,UGO25541629
8633,PGO25596543
8634,PGO25557935
8635,PGO25598255
8636,PGO25586377
8637,UGO25602788
8638,UGO25581713
8639,UGO25602793
8640,PGO25595065
8641,UGO25596597
8642,PGO25541653
8643,UGO25601803
8644,PGO25592353
8645,PGO25562554
8646,PGO25601728
8647,UGO25507190
8648,PGO25600432
8649,UGO25600985
8650,PGO25602636
8651,PGO25601694
8652,PGO25595155
8653,PGO25597577
8654,PGO25577653
8655,UGO25584420
8656,UGO25560552
8657,UGO25601395
8658,PGO25598160
8659,PGO25457679
8660,UGO25488581
8661,PGO25601698
8662,PGO25598941
8663,UGO25561248
8664,PGO25599576
8665,PGO25601572
8666,UGO25599362
8667,UGO25599498
8668,UGO25579598
8669,UGO25519102
8670,PGO25529795
8671,PGO25554570
8672,UGO25600091
8673,UGO25495127
8674,PGO25592160
8675,UGO25567503
8676,PGO25600918
8677,PGO25596400
8678,UGO25598360
8679,PGO25600714
8680,UGO25597473
8681,PGO25597733
8682,PGO25594524
8683,PGO25594820
8684,UGO25598159
8685,UGO25586674
8686,PGO25594226
8687,UGO25580011
8688,UGO25590113
8689,UGO25540878
8690,PGO25600411
8691,UGO25553616
8692,PGO25588258
8693,PGO25571693
8694,UGO25598040
8695,UGO25594709
8696,UGO25555669
8697,UGO25579798
8698,PGO25409308
8699,UGO25597089
8700,PGO25588119
8701,PGO25593319
8702,PGO25587716
8703,PGO25587649
8704,PGO25582389
8705,UGO25527951
8706,PGO25598888
8707,PGO25588008
8708,UGO25598204
8709,UGO25598182
8710,UGO25583002
8711,UGO25597867
8712,UGO25596432
8713,UGO25593500
8714,UGO25597556
8715,PGO25597541
8716,PGO25552010
8717,UGO25596898
8718,UGO25597662
8719,PGO25596358
8720,PGO25596546
8721,PGO25596547
8722,UGO25595082
8723,UGO25596571
8724,UGO25594237
8725,UGO25538855
8726,UGO25594912
8727,UGO25569012
8728,PGO25559690
8729,UGO25585603
8730,PGO25592198
8731,PGO25596412
8732,PGO25588812
8733,PGO25593152
8734,PGO25595707
8735,UGO25592194
8736,PGO25594561
8737,UGO25590244
8738,PGO25596228
8739,PGO25562395
8740,PGO25592678
8741,UGO25594978
8742,UGO25494777
8743,UGO25239759
8744,PGO25589811
8745,PGO25594382
8746,PGO25595050
8747,PGO25595483
8748,UGO25491758
8749,UGO25592886
8750,UGO25452108
8751,UGO25507443
8752,UGO25594979
8753,UGO25595175
8754,UGO25557873
8755,PGO25580355
8756,PGO25590268
8757,UGO25592828
8758,PGO25588456
8759,UGO25546180
8760,PGO25538331
8761,PGO25558154
8762,PGO25585572
8763,PGO25584503
8764,UGO25590327
8765,UGO25589956
8766,PGO25593681
8767,UGO25593341
8768,UGO25592979
8769,PGO25582998
8770,UGO25594409
8771,UGO25593716
8772,UGO25588200
8773,PGO25571922
8774,UGO25582870
8775,PGO25589982
8776,PGO25585280
8777,PGO25568324
8778,PGO25584620
8779,PGO25593189
8780,UGO25580798
8781,PGO25592929
8782,PGO25592712
8783,UGO25592897
8784,UGO25593596
8785,PGO25582155
8786,PGO25584232
8787,PGO25593477
8788,PGO25593317
8789,PGO25588346
8790,PGO25586340
8791,UGO25585492
8792,PGO25592718
8793,PGO25558040
8794,PGO25536326
8795,PGO25588698
8796,UGO25591386
8797,PGO25588417
8798,PGO25501415
8799,UGO25567392
8800,UGO25592411
8801,PGO25523584
8802,PGO25144191
8803,UGO25591005
8804,PGO25592559
8805,PGO25588707
8806,UGO25584708
8807,PGO25549075
8808,UGO25590655
8809,PGO25479242
8810,PGO25571803
8811,PGO25556945
8812,UGO25548142
8813,PGO25522514
8814,UGO25496402
8815,UGO25581921
8816,PGO25585967
8817,UGO25543349
8818,PGO25472549
8819,PGO25590021
8820,PGO25590294
8821,PGO25539804
8822,PGO25575587
8823,PGO25590584
8824,UGO25584269
8825,UGO25590093
8826,PGO25589910
8827,UGO25217022
8828,UGO25590383
8829,PGO25590067
8830,PGO25525418
8831,PGO25525417
8832,PGO25536861
8833,PGO25484074
8834,UGO25587462
8835,UGO25576997
8836,PGO25504575
8837,UGO25583308
8838,PGO25588178
8839,PGO25460066
8840,PGO25558129
8841,UGO25583543
8842,UGO25553793
8843,PGO25551479
8844,UGO25579593
8845,PGO25583717
8846,UGO25552336
8847,PGO25587492
8848,UGO25541433
8849,PGO25562265
8850,UGO25567308
8851,PGO25464185
8852,PGO25490229
8853,PGO25588583
8854,PGO25567504
8855,UGO25588672
8856,PGO25559539
8857,PGO25527089
8858,UGO25586210
8859,PGO25583087
8860,PGO25562479
8861,PGO25515786
8862,UGO25588451
8863,UGO25523262
8864,PGO25537288
8865,PGO25568285
8866,PGO25578937
8867,UGO25588362
8868,UGO25576521
8869,PGO25581943
8870,UGO25587150
8871,PGO25587952
8872,PGO25588086
8873,PGO25581854
8874,PGO25582815
8875,UGO25580260
8876,PGO25585677
8877,PGO25582560
8878,UGO25579360
8879,UGO25578960
8880,PGO25571971
8881,UGO25570823
8882,UGO25577887
8883,PGO25587626
8884,PGO25584217
8885,PGO25587487
8886,UGO25560492
8887,PGO25495805
8888,PGO25482781
8889,UGO25451346
8890,UGO25555133
8891,PGO25522879
8892,UGO25579808
8893,PGO25584706
8894,PGO25585233
8895,PGO25586833
8896,PGO25547751
8897,PGO25586010
8898,UGO25577755
8899,UGO25582226
8900,UGO25564827
8901,PGO25585230
8902,UGO25585804
8903,UGO25475041
8904,UGO25575855
8905,UGO25439851
8906,UGO25581994
8907,PGO25311156
8908,UGO25585449
8909,UGO25562146
8910,UGO25583036
8911,PGO25583267
8912,PGO25568450
8913,UGO25494006
8914,UGO25575358
8915,UGO25583086
8916,UGO25584353
8917,UGO25579790
8918,UGO25582943
8919,UGO25584256
8920,PGO25564892
8921,PGO25524836
8922,PGO25576282
8923,UGO25486542
8924,UGO25582805
8925,UGO25582045
8926,PGO25567690
8927,PGO25275318
8928,PGO25559566
8929,PGO25582285
8930,PGO25563716
8931,PGO25579314
8932,PGO25579074
8933,PGO25562240
8934,PGO25533835
8935,PGO25570691
8936,UGO25582591
8937,PGO25575718
8938,PGO25582161
8939,PGO25577058
8940,UGO25571010
8941,UGO25571195
8942,UGO25534449
8943,UGO25576380
8944,PGO25572563
8945,UGO25565802
8946,PGO25569264
8947,PGO25539351
8948,PGO25245703
8949,PGO25508716
8950,UGO25580680
8951,PGO25579794
8952,PGO25547902
8953,UGO25556887
8954,PGO25551848
8955,PGO25580028
8956,PGO25570718
8957,UGO25579699
8958,PGO25558359
8959,PGO25530338
8960,UGO25579804
8961,PGO25580007
8962,PGO25541466
8963,UGO25549529
8964,PGO25568444
8965,PGO25566931
8966,UGO25576817
8967,PGO25577712
8968,PGO25556702
8969,PGO25502412
8970,PGO25570332
8971,PGO25577775
8972,UGO25576510
8973,PGO25522638
8974,PGO25555144
8975,PGO25571681
8976,PGO25566886
8977,PGO25579271
8978,PGO25363390
8979,UGO25556736
8980,PGO25539566
8981,UGO25572401
8982,PGO25576443
8983,UGO25577827
8984,PGO25507321
8985,UGO25572478
8986,UGO25492518
8987,UGO25579015
8988,PGO25559955
8989,PGO25560069
8990,PGO25568890
8991,UGO25572532
8992,PGO25575213
8993,UGO25575191
8994,PGO25562506
8995,PGO25572422
8996,UGO25560415
8997,PGO25567028
8998,UGO25566941
8999,PGO25562977
9000,PGO25535141
9001,PGO25516135
9002,PGO25525742
9003,PGO25555601
9004,PGO25572651
9005,PGO25560997
9006,UGO25552390
9007,PGO25562231
9008,UGO25531795
9009,PGO25557127
9010,PGO25563069
9011,UGO25575946
9012,UGO25556654
9013,UGO25526229
9014,PGO25567660
9015,UGO25566020
9016,PGO25539667
9017,PGO25573346
9018,PGO25524677
9019,UGO25575475
9020,PGO25567365
9021,UGO25575403
9022,PGO25555221
9023,UGO25572115
9024,PGO25559722
9025,PGO25544040
9026,UGO25571937
9027,PGO25552561
9028,PGO25535967
9029,UGO25547546
9030,UGO25490304
9031,UGO25490358
9032,PGO25533536
9033,PGO25572382
9034,PGO25570851
9035,UGO25563549
9036,PGO25485136
9037,PGO25557191
9038,UGO25542223
9039,UGO25571860
9040,PGO25538806
9041,PGO25483405
9042,PGO25571603
9043,PGO25565914
9044,PGO25563310
9045,PGO25554050
9046,UGO25566911
9047,PGO25568400
9048,UGO25568642
9049,UGO25571288
9050,PGO25571129
9051,PGO25566985
9052,PGO25570788
9053,UGO25567700
9054,UGO25567711
9055,UGO25568523
9056,PGO25562212
9057,PGO25500506
9058,UGO25549266
9059,UGO25492968
9060,PGO25560395
9061,PGO25560682
9062,PGO25474489
9063,PGO25504479
9064,PGO25560477
9065,PGO25449281
9066,PGO25563005
9067,PGO25512723
9068,UGO25552473
9069,PGO25568590
9070,UGO25543694
9071,PGO25568318
9072,PGO25549211-1
9073,PGO25496463
9074,UGO25534968
9075,UGO25536809
9076,UGO25547479
9077,PGO25539989
9078,PGO25551590
9079,PGO25567368
9080,PGO25565323
9081,UGO25562771
9082,PGO25506842
9083,PGO25554174
9084,PGO25503425
9085,PGO25509030
9086,UGO25506461
9087,PGO25559693
9088,PGO25567321
9089,UGO25560244
9090,UGO25557079
9091,UGO25430404
9092,PGO25501398
9093,UGO25555068
9094,PGO25463583
9095,UGO25533532
9096,UGO25469999
9097,PGO25553912
9098,UGO25560089
9099,UGO25558266
9100,UGO25564807
9101,PGO25557921
9102,PGO25564592
9103,UGO25517041
9104,UGO25475584
9105,UGO25543737
9106,PGO25561350
9107,UGO25150044
9108,PGO25526848
9109,UGO25491428
9110,PGO25531801
9111,UGO25472859
9112,PGO25500325
9113,UGO25555070
9114,PGO25553863
9115,PGO25558314
9116,PGO25559638
9117,PGO25541980
9118,UGO25554544
9119,UGO25523216
9120,PGO25560365
9121,UGO25458462
9122,UGO25553826
9123,UGO25556773
9124,PGO25552205
9125,PGO25553091
9126,PGO25425359
9127,PGO25555424
9128,PGO25558588
9129,PGO25537021
9130,UGO25559765
9131,PGO25557779
9132,UGO25547760
9133,PGO25554864
9134,UGO25559981
9135,UGO25559433
9136,UGO25558142
9137,PGO25469549
9138,UGO25560941
9139,UGO25558141
9140,PGO25557824
9141,UGO25211862
9142,UGO25532390
9143,UGO25559944
9144,PGO25477471
9145,PGO25522806
9146,PGO25560458
9147,UGO25547679
9148,UGO25559970
9149,PGO25560115
9150,PGO25523480
9151,UGO25536465
9152,PGO25560398
9153,UGO25560067
9154,PGO25559642
9155,UGO25499725
9156,PGO25519314
9157,PGO25557724
9158,UGO25533814
9159,UGO25557237
9160,PGO25534482
9161,PGO25559756
9162,UGO25559768
9163,UGO25555729
9164,UGO25556721
9165,PGO25557959
9166,UGO25559953
9167,PGO25530910
9168,UGO25551458
9169,UGO25226000
9170,UGO25544823
9171,PGO25337849
9172,PGO25507493
9173,PGO25524694
9174,UGO25554284
9175,UGO25547490
9176,PGO25559501
9177,PGO25557433
9178,UGO25557840
9179,PGO25465619
9180,UGO25508563
9181,UGO25534493
9182,PGO25558100
9183,UGO25526676
9184,PGO25541249
9185,UGO25558819
9186,PGO25557645
9187,PGO25551741
9188,PGO25558380
9189,UGO25545519
9190,PGO25557862
9191,UGO25551532
9192,UGO25544894
9193,PGO25541922
9194,UGO25558231
9195,UGO25545786
9196,PGO25549991
9197,PGO25470204
9198,PGO25558005
9199,PGO25554545
9200,UGO25550074
9201,PGO25555069
9202,UGO25466948
9203,UGO25557883
9204,PGO25551878
9205,PGO25557965
9206,UGO25557884
9207,UGO25527193
9208,PGO25508194
9209,PGO25554062
9210,UGO25528325
9211,UGO25557229
9212,UGO25552042
9213,UGO25407416
9214,UGO25554513
9215,PGO25455564
9216,PGO25554852
9217,PGO25556894
9218,UGO25554983
9219,UGO25507246
9220,PGO25557458
9221,UGO25499391
9222,PGO25497980
9223,PGO25534499
9224,PGO25518775
9225,PGO25557015
9226,UGO25557130
9227,PGO25541168
9228,PGO25556990
9229,UGO25550006
9230,UGO25553108
9231,PGO25540911
9232,PGO25434059
9233,PGO25557245
9234,UGO25557067
9235,PGO25518422
9236,PGO25551457
9237,UGO25523016
9238,UGO25491971
9239,UGO25533476
9240,PGO25555371
9241,PGO25556955
9242,PGO25537471
9243,PGO25548870
9244,UGO25526739
9245,UGO25553779
9246,UGO25546486
9247,UGO25538637
9248,UGO25556807
9249,UGO25556803
9250,UGO25554358
9251,PGO25518412
9252,UGO25556412
9253,PGO25518008
9254,PGO25553963
9255,UGO25554842
9256,PGO25553586
9257,PGO25544746
9258,UGO25555001
9259,PGO25446583
9260,PGO25204132-1
9261,PGO25483251
9262,PGO25554333
9263,PGO25537431
9264,UGO25531319
9265,PGO25542092
9266,UGO25540967
9267,PGO25555573
9268,PGO25554663
9269,UGO25500069
9270,UGO25554396
9271,PGO25534770
9272,UGO25550155
9273,UGO25555125
9274,PGO25111776
9275,UGO25541339
9276,UGO25554366
9277,PGO25451189
9278,PGO25554889
9279,UGO25547379
9280,PGO25549370
9281,PGO25551880
9282,PGO25531097
9283,PGO25526928
9284,PGO25522865
9285,UGO25541821
9286,PGO25527615
9287,PGO25554790
9288,PGO25554543
9289,UGO25551244
9290,PGO25547789
9291,PGO25553099
9292,PGO25549948
9293,UGO25554432
9294,UGO25552598
9295,PGO25468239
9296,PGO25543537
9297,PGO25550119
9298,PGO25521472
9299,PGO25531543
9300,UGO25554033
9301,PGO25252721
9302,UGO25554014
9303,UGO25552441
9304,UGO25534454
9305,UGO25551944
9306,UGO25518858
9307,PGO25522281
9308,UGO25553751
9309,PGO25542247
9310,UGO25554001
9311,UGO25541331
9312,PGO25526619
9313,PGO25522510
9314,PGO25551461
9315,UGO25549725
9316,UGO25551913
9317,PGO25552011
9318,PGO25544258
9319,PGO25499444
9320,UGO25498496
9321,PGO25520778
9322,UGO25538216
9323,UGO25545823
9324,UGO25519364
9325,UGO25522484
9326,UGO25552023
9327,UGO25478329
9328,UGO25532078
9329,UGO25551754
9330,PGO25542112
9331,UGO25533671
9332,UGO25540255
9333,UGO25437946
9334,PGO25547578
9335,UGO25521265
9336,UGO25552842
9337,UGO25552735
9338,PGO25551773
9339,PGO25479162
9340,PGO25552466
9341,UGO25535783
9342,UGO25549128
9343,UGO25552116
9344,PGO25521866
9345,UGO25524052
9346,UGO25522456
9347,UGO25483876
9348,PGO25206172
9349,PGO25519471
9350,PGO25549178
9351,UGO25551828
9352,UGO25542417
9353,UGO25551954
9354,UGO25534719
9355,PGO25536754
9356,UGO25550173
9357,PGO25532020
9358,PGO25526899
9359,PGO25544104
9360,PGO25517850
9361,PGO25551421
9362,PGO25408760
9363,UGO25551731
9364,UGO25500857
9365,PGO25551400
9366,UGO25551437
9367,UGO25547378
9368,PGO25540818
9369,PGO2578551
9370,UGO25551465
9371,PGO25551286
9372,PGO25524893
9373,UGO25534497
9374,UGO25551441
9375,UGO25541774
9376,UGO25358967
9377,PGO25548808
9378,UGO25534735
9379,PGO25526943
9380,UGO25537331
9381,UGO25481058
9382,PGO25492040
9383,PGO25539009
9384,PGO25461781
9385,UGO25543792
9386,UGO25522427
9387,PGO25547759
9388,PGO25532377
9389,PGO25497094
9390,PGO25525990
9391,UGO25536872
9392,UGO25511032
9393,PGO25481006
9394,PGO25542009
9395,PGO25483971
9396,PGO25549351
9397,UGO25544387
9398,UGO25534430
9399,PGO25547432
9400,PGO25543172
9401,PGO25548821
9402,PGO25547428
9403,PGO25541245
9404,UGO25548916
9405,UGO25530053
9406,PGO25477498
9407,PGO25547575
9408,PGO25513723
9409,PGO25541761
9410,UGO25542174
9411,UGO25519206
9412,UGO25542023
9413,UGO25529107
9414,PGO25547670
9415,PGO25536029
9416,PGO25533928
9417,PGO25519731
9418,PGO25494801
9419,UGO25512960
9420,PGO25533766
9421,PGO25538402
9422,PGO25533971
9423,PGO25533932
9424,PGO25536698
9425,UGO25517301
9426,UGO25540900
9427,UGO25472459
9428,UGO25335120
9429,UGO25512791
9430,UGO25446570
9431,PGO25546079
9432,UGO25538372
9433,PGO25545979
9434,UGO25545986
9435,UGO25546006
9436,PGO25545787
9437,PGO25523952
9438,PGO25545883
9439,UGO25504311
9440,UGO25542018
9441,PGO25519867
9442,UGO25545726
9443,PGO25519468
9444,UGO25534693
9445,UGO25543703
9446,UGO25544540
9447,UGO25544556
9448,PGO25544211
9449,PGO25540348
9450,PGO25506946
9451,UGO25538383
9452,PGO25539230
9453,UGO25543353
9454,PGO25521437
9455,UGO25505040
9456,UGO25543436
9457,UGO25539242
9458,PGO25541149
9459,PGO25515865
9460,UGO25537438
9461,PGO25534037
9462,PGO25533596
9463,PGO25509544
9464,PGO25521003
9465,UGO25541013
9466,PGO25477562
9467,UGO25542004
9468,UGO25536076
9469,UGO25513825
9470,UGO25539556
9471,PGO25514735
9472,PGO25523015
9473,UGO25539122
9474,UGO25499443
9475,PGO25499127
9476,PGO25538812
9477,UGO25447354
9478,UGO25444672
9479,UGO25535239
9480,PGO25538265
9481,UGO25537026
9482,UGO25539327
9483,PGO25499954
9484,PGO25538881
9485,UGO25532290
9486,PGO25525341
9487,PGO25269093
9488,UGO25531452
9489,PGO25503102
9490,PGO25539277
9491,PGO25518175
9492,PGO25496759
9493,PGO25534356
9494,PGO25534573
9495,PGO25537013
9496,PGO25518182
9497,UGO25533583
9498,PGO25535987
9499,PGO25503074
9500,PGO25516112
9501,PGO25532266
9502,UGO25537002
9503,UGO25406479
9504,PGO25420595
9505,PGO25499822
9506,PGO25515352
9507,UGO25510339
9508,UGO25517340
9509,UGO25241820
9510,PGO25535984
9511,UGO25534732
9512,UGO25533873
9513,PGO25484937
9514,PGO25533934
9515,UGO25534551
9516,UGO25533510
9517,PGO25527285
9518,PGO25532079
9519,UGO25534549
9520,UGO25518236
9521,UGO25512857
9522,PGO25527514
9523,PGO25532687
9524,UGO25412541
9525,PGO25521418
9526,PGO25536654
9527,PGO25536037
9528,PGO25424293
9529,UGO25478931
9530,PGO25528223
9531,PGO25523454
9532,UGO25514305
9533,PGO25498517
9534,PGO24152422
9535,UGO25531608
9536,UGO25536762
9537,PGO25536133
9538,PGO25515446
9539,UGO25536321
9540,UGO25533615
9541,UGO25510052
9542,PGO25507075
9543,PGO25531948
9544,UGO25517411
9545,UGO25533730
9546,UGO25534029
9547,PGO25449857
9548,UGO25533697
9549,PGO25512809
9550,PGO25493154
9551,UGO25536115
9552,PGO25536007
9553,PGO25489357
9554,PGO25460517
9555,UGO25531162
9556,PGO25525453
9557,PGO25534345
9558,PGO25370856
9559,UGO25528211
9560,UGO25515256
9561,PGO25499961
9562,PGO25490801
9563,PGO25526968
9564,UGO25534723
9565,PGO25519765
9566,UGO25518688
9567,PGO25523209
9568,UGO25534632
9569,UGO25533950
9570,PGO25534435
9571,UGO25505666
9572,UGO25503146
9573,PGO25523395
9574,PGO25532366
9575,PGO25512193
9576,PGO25517660
9577,PGO25490044
9578,UGO25520280
9579,PGO25524054
9580,UGO25523066
9581,PGO25490617
9582,UGO25524828
9583,PGO25501170
9584,PGO25425987
9585,UGO25522446
9586,PGO25522597
9587,PGO25515061
9588,PGO25504516
9589,PGO25531312
9590,UGO25522786
9591,PGO25502142
9592,UGO25529613
9593,UGO25514535
9594,PGO25506306
9595,UGO25531912
9596,PGO25503003
9597,PGO25531108
9598,PGO25523550
9599,PGO25529223
9600,UGO25531962
9601,PGO25519489
9602,UGO25527426
9603,PGO25528371-1
9604,UGO25468835
9605,UGO25400415
9606,PGO25487093
9607,UGO25510460
9608,PGO25520815
9609,PGO25521287
9610,PGO25519425
9611,UGO25503505
9612,PGO25527162
9613,UGO25514806
9614,PGO25459755
9615,PGO25518750
9616,PGO25525782
9617,PGO25525156
9618,PGO25515469
9619,PGO25520345
9620,UGO25521710
9621,PGO25499949
9622,UGO25521961
9623,UGO25527621
9624,UGO25527044
9625,UGO25526979
9626,UGO25483789
9627,PGO25518698
9628,UGO25525910
9629,UGO25522407
9630,UGO25524687
9631,PGO25523211
9632,UGO25500869
9633,PGO25526861
9634,UGO25521358
9635,UGO25527334
9636,UGO25524457
9637,UGO25525477
9638,PGO25524921
9639,PGO25511943
9640,UGO25526726
9641,UGO25520344
9642,PGO25525917
9643,UGO25518038
9644,UGO25492042
9645,UGO25526939
9646,UGO25507244
9647,UGO25502556
9648,PGO25519121
9649,PGO25523047
9650,PGO25524675
9651,UGO25516331
9652,UGO25525390
9653,UGO25468146
9654,UGO25523546
9655,PGO25515813
9656,UGO25520354
9657,UGO25516787
9658,PGO25526859
9659,UGO25514811
9660,PGO25518101
9661,PGO25494360
9662,PGO25518832
9663,UGO25518184
9664,UGO25518191
9665,UGO25515590
9666,PGO25507276
9667,PGO25506755
9668,PGO25523373
9669,PGO25518418
9670,PGO25491875
9671,PGO25514000
9672,PGO25520079
9673,PGO25497675
9674,PGO25525132
9675,UGO25516728
9676,UGO25515798
9677,PGO25515425
9678,PGO25519244
9679,UGO25519174
9680,UGO25518800
9681,PGO25518341
9682,UGO25518297
9683,UGO25442899
9684,UGO25518128
9685,PGO25518090
9686,UGO25517803
9687,UGO25525269
9688,PGO25518129
9689,PGO25525610
9690,UGO25521115
9691,UGO25512894
9692,UGO25519189
9693,PGO25520347
9694,UGO25523464
9695,UGO25518560
9696,UGO25525398
9697,PGO25524745
9698,PGO25409797
9699,UGO25523594
9700,UGO25522444
9701,PGO25499598
9702,PGO25524941
9703,UGO25522395
9704,UGO25522366
9705,UGO25505355
9706,PGO25522463
9707,UGO25470923
9708,UGO25524969
9709,PGO25495328
9710,UGO25514044
9711,UGO25497606
9712,PGO25522470
9713,PGO25523438
9714,PGO25515679
9715,PGO25486101
9716,PGO25507360
9717,UGO25504428
9718,UGO25514309
9719,PGO25522702
9720,UGO25523815
9721,UGO25500924
9722,UGO25471122
9723,PGO25501126
9724,PGO25523289
9725,UGO25504169
9726,PGO25520914
9727,UGO25523086
9728,UGO25518064
9729,PGO25520267
9730,UGO25507714
9731,UGO25518051
9732,UGO25520630
9733,UGO25521284
9734,UGO25520592
9735,UGO25519768
9736,UGO25517483
9737,UGO25518763
9738,PGO25505827
9739,PGO25499553
9740,PGO25519326
9741,PGO25483289
9742,UGO25467817
9743,PGO25517448
9744,UGO25507291
9745,PGO25520377
9746,UGO25507362
9747,PGO25465101
9748,PGO25518092
9749,UGO25452301
9750,PGO25513638
9751,UGO25506350
9752,PGO25517417
9753,UGO25491048
9754,UGO25520983
9755,UGO25519781
9756,UGO25467119
9757,UGO25519637
9758,UGO25520981
9759,PGO25520286
9760,PGO25519400
9761,UGO25512348
9762,PGO25505957
9763,UGO25520743
9764,PGO25463921
9765,PGO25518195
9766,PGO25520351
9767,PGO25512666
9768,PGO25504378
9769,UGO25516632
9770,UGO25313085
9771,UGO25515484
9772,PGO25473051
9773,PGO25513567
9774,PGO25517958
9775,UGO25517993
9776,UGO25514680
9777,PGO25515293
9778,PGO25473930
9779,UGO25483410
9780,UGO25520041
9781,PGO25235763
9782,PGO25434966
9783,UGO25519053
9784,PGO25518476
9785,UGO25519666
9786,PGO25516689
9787,PGO25489198
9788,UGO25505354
9789,PGO25508653
9790,PGO25486553
9791,PGO25487217
9792,PGO25518710
9793,PGO25514589
9794,UGO25496985
9795,PGO25499875
9796,UGO25514302
9797,UGO25518234
9798,PGO25518482
9799,PGO25517717
9800,PGO25473311
9801,UGO25489547
9802,PGO25499410
9803,PGO25518242
9804,PGO25400538
9805,PGO25443356
9806,UGO25515333
9807,UGO25516505
9808,UGO25504174
9809,UGO25497854
9810,PGO25498372
9811,UGO25517395
9812,UGO25512380
9813,PGO25501331
9814,UGO25509070
9815,PGO25508512
9816,UGO25514669
9817,UGO25494660
9818,UGO25504805
9819,UGO25501319
9820,PGO25517863
9821,PGO25505300
9822,PGO25501395
9823,PGO25499937
9824,PGO25517074
9825,UGO25518251
9826,PGO25518225
9827,UGO25516691
9828,PGO25517286
9829,PGO25502548
9830,PGO25506570
9831,PGO25493347
9832,UGO24316311
9833,PGO25510371
9834,UGO25517998
9835,PGO25509676
9836,UGO25513958
9837,UGO25497877
9838,PGO25464914
9839,PGO25517753
9840,UGO25516560
9841,UGO25510680
9842,UGO25504591
9843,UGO25509561
9844,UGO25462780
9845,UGO25514566
9846,PGO25505219
9847,UGO25510304
9848,PGO25517285
9849,PGO25232091
9850,UGO25512397
9851,UGO25512490
9852,UGO25510638
9853,PGO25386675
9854,UGO25503068
9855,UGO25513176
9856,PGO25481053
9857,PGO25506795
9858,UGO25504053
9859,PGO25477682
9860,PGO25505198
9861,UGO25491021
9862,PGO25406774
9863,PGO25484192
9864,UGO25410988
9865,UGO25499395
9866,PGO25517048
9867,PGO25491027
9868,UGO25515658
9869,PGO25499517
9870,PGO25477345
9871,PGO25515337
9872,PGO25503158
9873,UGO25514774
9874,UGO25455617
9875,UGO25484175
9876,UGO25515248
9877,UGO25513795
9878,UGO25516612
9879,UGO25512009
9880,UGO25509989
9881,PGO25503477
9882,PGO25487205
9883,UGO25442049
9884,UGO25290765
9885,PGO25512703
9886,UGO25515724
9887,UGO25470036
9888,PGO25490384
9889,PGO25482803
9890,UGO25515269
9891,PGO25475797
9892,UGO25514319
9893,PGO25509032
9894,UGO25515445
9895,UGO25514838
9896,PGO25493544
9897,UGO25514726
9898,UGO25515057
9899,UGO25497837
9900,PGO25509956
9901,UGO25512841
9902,PGO25494327
9903,UGO25492531
9904,UGO25508054
9905,UGO25514118
9906,UGO25500127
9907,PGO25513752
9908,PGO25511934
9909,PGO25511176
9910,PGO25508511
9911,PGO25290675
9912,PGO25493370
9913,PGO25493342
9914,UGO25492996
9915,UGO25509187
9916,PGO25512781
9917,UGO25489600
9918,UGO25494835
9919,UGO25513961
9920,UGO25504102
9921,UGO25505811
9922,UGO25509072
9923,UGO25492753
9924,UGO25499014
9925,PGO25405527
9926,PGO25493874
9927,UGO25512650
9928,UGO25500114
9929,PGO25509239
9930,PGO25497106
9931,PGO25512463
9932,UGO25510174
9933,UGO25512346
9934,UGO25495759
9935,UGO25508389
9936,UGO25317678
9937,UGO25406769
9938,PGO25500480
9939,PGO25511616
9940,PGO25501442
9941,UGO25506333
9942,PGO25499200
9943,UGO25494603
9944,UGO25503717
9945,UGO25507359
9946,UGO25509629
9947,UGO25477583
9948,PGO25464452
9949,PGO25475723
9950,UGO25512022
9951,PGO25504278
9952,UGO25509772
9953,PGO25496828
9954,UGO25455361
9955,PGO24248688
9956,PGO25510111
9957,PGO25491203
9958,PGO25508507
9959,UGO25495783
9960,UGO25497050
9961,PGO25481600
9962,PGO25509710
9963,PGO25496229
9964,UGO25499287
9965,UGO25508834
9966,UGO25499145
9967,PGO25503466
9968,UGO25502359
9969,PGO25511179
9970,UGO25498541
9971,PGO25428230
9972,UGO25499376
9973,UGO25504816
9974,UGO25510241
9975,PGO25464515
9976,PGO25508191
9977,PGO25507558
9978,UGO25483070
9979,UGO25501301
9980,UGO25491153
9981,PGO25499095
9982,PGO25507392
9983,PGO25488773
9984,PGO25505136
9985,PGO25509260
9986,UGO25507381
9987,UGO25501481
9988,UGO25503056
9989,UGO25505181
9990,UGO25504069
9991,UGO25509741
9992,UGO25510031
9993,PGO25509898
9994,UGO25510088
9995,UGO25505058
9996,UGO25508125
9997,PGO25501135
9998,UGO25509527
9999,PGO25494399
10000,PGO25504609
10001,PGO25498693
10002,UGO25455082
10003,PGO25492019
10004,PGO25501152
10005,PGO25488429
10006,PGO25501765
10007,UGO25505798
10008,PGO25509281
10009,UGO25499914
10010,UGO25497634
10011,PGO25425589
10012,UGO25497095
10013,UGO25502387
10014,UGO25507063
10015,UGO25504411
10016,UGO25507675
10017,UGO25506886
10018,UGO25507628
10019,UGO25478997
10020,UGO25508239
10021,UGO25472695
10022,UGO25469588
10023,UGO25493637
10024,PGO25441903
10025,PGO25505512
10026,UGO25492034
10027,UGO25498606
10028,PGO25504105
10029,UGO25484007
10030,UGO25473509
10031,UGO25484552
10032,PGO25502569
10033,UGO25488439
10034,UGO25504171
10035,PGO25493071
10036,UGO25497585
10037,PGO25497970
10038,UGO25487102
10039,UGO25499447
10040,UGO25415245
10041,UGO25505804
10042,UGO25478786
10043,UGO25501794
10044,PGO25507343
10045,UGO25466719
10046,PGO25501372
10047,PGO25494788
10048,UGO25483009
10049,PGO25497147
10050,PGO25497146
10051,PGO25400083
10052,UGO25457189
10053,UGO25458226
10054,PGO25506532
10055,UGO25506381
10056,UGO25504510
10057,UGO25501493
10058,UGO25416119
10059,UGO25503958
10060,UGO25452440
10061,UGO25500233
10062,PGO25412261
10063,UGO25475720
10064,PGO25501782
10065,UGO25497839
10066,UGO25474930
10067,UGO25477395
10068,PGO25337014
10069,PGO25166659
10070,PGO25485310
10071,UGO25504733
10072,UGO25463827
10073,UGO25491024
10074,UGO25505369
10075,UGO25505348
10076,UGO25479184
10077,PGO25504400
10078,UGO25318833
10079,UGO25500065
10080,UGO25504382
10081,UGO25503021
10082,PGO25498180
10083,UGO25418914
10084,UGO25500304
10085,PGO25498911
10086,UGO25502942
10087,PGO25502943
10088,UGO25495362
10089,UGO25501000
10090,UGO25489271
10091,UGO25501233
10092,PGO25501370
10093,UGO25417026
10094,PGO25504076
10095,UGO25491549
10096,PGO25494957
10097,UGO25501853
10098,UGO25496104
10099,PGO25405668
10100,PGO25498971
10101,PGO25443384
10102,UGO25497725
10103,UGO25498965
10104,UGO25499297
10105,UGO25499401
10106,UGO25474924
10107,PGO25492643
10108,PGO25501785
10109,UGO25499485
10110,PGO25501951
10111,PGO25485961
10112,PGO25492544
10113,UGO25500333
10114,PGO25502456
10115,UGO25495493
10116,PGO25499312
10117,UGO25500692
10118,UGO25499767
10119,PGO25422093
10120,PGO25436775
10121,PGO25499164
10122,PGO25501498
10123,PGO25494417
10124,UGO25501282
10125,UGO25501363
10126,PGO25463002
10127,PGO25501503
10128,PGO25495724
10129,UGO25427404
10130,PGO25456645
10131,PGO25492258
10132,UGO25472534
10133,PGO25498308
10134,UGO25501034
10135,UGO25496320
10136,PGO25498424
10137,PGO25497581
10138,UGO25498699
10139,UGO25483298
10140,PGO25496726
10141,PGO25450057
10142,PGO25497888
10143,PGO25500498
10144,PGO25402890
10145,PGO25480395
10146,UGO25500586
10147,PGO25450863
10148,UGO25471440
10149,PGO25498198
10150,PGO25499458
10151,UGO25500364
10152,PGO25490375
10153,UGO25499186
10154,PGO25499719
10155,UGO25496752
10156,PGO25492237
10157,UGO25478944
10158,PGO25498829
10159,PGO25497822
10160,PGO25364021
10161,UGO25480326
10162,PGO25489451
10163,UGO25499572
10164,UGO25466535
10165,UGO25499085
10166,UGO25497896
10167,UGO25499099
10168,PGO25499348
10169,PGO25482573
10170,UGO25486642
10171,PGO25482518
10172,UGO25497956
10173,PGO25465221
10174,PGO25482575
10175,PGO25488651
10176,PGO25487313
10177,UGO25492070
10178,UGO25479096
10179,PGO25417689
10180,PGO25486723
10181,UGO25429342
10182,PGO25480662
10183,UGO25466971
10184,PGO25480490
10185,UGO25498914
10186,PGO25485233
10187,PGO25409942
10188,UGO25464245
10189,UGO25499137
10190,PGO25498843
10191,UGO25497806
10192,PGO25492162
10193,PGO25498839
10194,UGO25469599
10195,PGO25447026
10196,UGO25442092
10197,PGO25496194
10198,UGO25498873
10199,PGO25498265
10200,PGO25489719
10201,PGO25468108
10202,UGO25498429
10203,UGO25420660
10204,PGO25489272
10205,PGO25490584
10206,PGO25495329
10207,UGO25493066
10208,PGO25496227
10209,UGO25485035
10210,PGO25495326
10211,UGO25497664
10212,UGO25479425
10213,UGO25493627
10214,PGO25497328
10215,PGO25497964
10216,UGO25477141
10217,UGO25418516
10218,UGO25491872
10219,UGO25496249
10220,UGO25486160
10221,UGO25496829
10222,UGO25491002
10223,UGO25450171
10224,UGO25479595
10225,PGO25478954
10226,PGO25488727
10227,PGO25493098
10228,PGO25474060
10229,PGO25439445
10230,UGO25497131
10231,PGO25437996
10232,PGO25496408
10233,PGO25480169
10234,UGO25496013
10235,UGO25406552
10236,PGO25479174
10237,UGO25482860
10238,PGO25484023
10239,PGO25492389
10240,PGO25471459
10241,UGO25481546
10242,UGO25492059
10243,UGO25460592
10244,PGO25496111
10245,PGO25490127
10246,PGO25484914
10247,PGO25490161
10248,UGO25452031
10249,PGO25496484
10250,UGO25447901
10251,UGO25487569
10252,PGO25493368
10253,PGO25104355
10254,UGO25497046
10255,UGO25494929
10256,UGO25449610
10257,UGO25475242
10258,PGO25496094
10259,UGO25489490
10260,UGO25496163
10261,UGO25496527
10262,UGO25315543
10263,PGO25494863
10264,UGO25496551
10265,PGO25485522
10266,UGO25496653
10267,PGO25483364
10268,UGO25496645
10269,UGO25488596
10270,PGO25464894
10271,UGO25494240
10272,PGO25486898
10273,UGO25485527
10274,PGO25493185
10275,UGO25404577
10276,UGO25472562
10277,UGO25491735
10278,UGO25477458
10279,UGO2554851
10280,UGO25492555
10281,PGO25483953
10282,UGO25488777
10283,UGO25490014
10284,PGO25478966
10285,UGO25465416
10286,PGO25494778
10287,PGO25492406
10288,UGO25495534
10289,UGO25439816
10290,UGO25495745
10291,PGO25493917
10292,PGO25496141
10293,UGO25301074
10294,UGO25492990
10295,UGO25493122
10296,UGO25428569
10297,UGO25479113
10298,UGO25486460
10299,PGO25465337
10300,PGO25472935
10301,UGO25489766
10302,UGO25489355
10303,UGO25494089
10304,PGO25494995
10305,PGO25493512
10306,UGO2554586
10307,UGO25469634
10308,PGO25476220
10309,UGO25495330
10310,PGO25485195
10311,UGO25455143
10312,UGO25494403
10313,UGO25487597
10314,UGO25477517
10315,PGO25494226
10316,UGO25494793
10317,UGO25495120
10318,UGO25495187
10319,UGO25494853
10320,PGO25483906
10321,PGO25494767
10322,UGO25478789
10323,PGO25479015
10324,UGO25493384
10325,UGO25493043
10326,UGO25494858
10327,UGO25493981
10328,UGO25492433
10329,UGO25491693
10330,UGO25492578
10331,PGO25494667
10332,PGO25489895
10333,UGO25491038
10334,PGO25432617
10335,UGO25461401
10336,PGO25484984
10337,PGO25475942
10338,UGO25493584
10339,PGO25492056
10340,UGO25489443
10341,UGO25480470
10342,PGO25300783
10343,UGO25449448
10344,UGO25455221
10345,UGO25491966
10346,UGO25488094
10347,PGO25410749
10348,PGO25476255
10349,PGO25486508
10350,PGO25490487
10351,UGO25493326
10352,UGO25491865
10353,UGO25493114
10354,UGO25402395
10355,UGO25483677
10356,PGO25486844
10357,UGO25491992
10358,UGO25492353
10359,PGO25484166
10360,PGO25489267
10361,UGO25479787
10362,PGO25483870
10363,PGO25490620
10364,UGO25492289
10365,UGO25492044
10366,UGO25492452
10367,PGO25482687
10368,UGO25492313
10369,UGO25492493
10370,PGO25432737
10371,PGO25491586
10372,UGO25489224
10373,UGO25490373
10374,UGO25492091
10375,UGO25486633
10376,PGO25492048
10377,UGO25488142
10378,UGO25483098
10379,PGO25282782
10380,UGO25489592
10381,PGO25492077
10382,UGO25483286
10383,UGO25486719
10384,PGO25492028
10385,UGO25478693
10386,PGO25491905
10387,UGO25477960
10388,UGO25491017
10389,UGO25490501
10390,PGO25474339
10391,UGO25478825
10392,PGO25490079
10393,UGO25489338
10394,PGO25488555
10395,PGO25477654
10396,PGO25479230
10397,UGO25491169
10398,PGO25487711
10399,UGO25291026
10400,PGO25487506
10401,PGO25462750
10402,PGO25489529
10403,UGO25490092
10404,UGO25425554
10405,UGO25486724
10406,UGO25490369
10407,UGO25466173
10408,UGO25485483
10409,UGO25483845
10410,UGO25487056
10411,PGO25267399
10412,UGO25490073
10413,PGO25472126
10414,PGO25490240
10415,PGO25451443
10416,PGO25416884
10417,UGO25486941
10418,PGO25486581
10419,UGO25484506
10420,PGO25449461
10421,PGO25469308
10422,PGO25485868
10423,PGO25382177
10424,UGO25486567
10425,PGO25479133
10426,UGO25456960
10427,UGO25488520
10428,PGO25425074
10429,UGO25484120
10430,UGO25477555
10431,UGO25486466
10432,UGO25489545-1
10433,PGO25455850
10434,UGO25317144
10435,PGO25447648
10436,PGO25489361
10437,UGO25476986
10438,PGO25460562
10439,PGO25489220
10440,UGO25487091
10441,UGO25488153
10442,PGO25486387
10443,UGO25446300
10444,UGO25480665
10445,PGO25477824
10446,PGO25487667
10447,UGO25488480
10448,UGO25297840
10449,UGO25488234
10450,PGO25471328
10451,PGO25487398
10452,PGO25484525
10453,PGO25485869
10454,PGO25488346
10455,UGO25450432
10456,UGO25488323
10457,UGO25488268
10458,PGO25470315
10459,UGO25483177
10460,UGO25439707
10461,PGO25486656
10462,UGO25482958
10463,UGO25469678
10464,UGO25487003
10465,UGO25484046
10466,PGO25485834
10467,PGO25472678
10468,PGO25474961
10469,PGO25420118
10470,PGO25487459
10471,PGO25442863
10472,UGO25487244
10473,UGO25481075
10474,UGO25484864
10475,UGO25487133
10476,PGO25484247
10477,UGO25483920
10478,UGO25472109
10479,UGO25484972
10480,PGO25472879
10481,PGO25458513
10482,PGO25470904
10483,PGO25486887
10484,PGO25480757
10485,PGO25486916
10486,PGO25486669
10487,UGO25482592
10488,UGO25483662
10489,UGO25465111
10490,PGO25476046
10491,PGO25485698
10492,PGO25465831
10493,UGO25486235
10494,PGO25483135
10495,PGO25431825
10496,PGO25474457
10497,UGO25466292
10498,UGO25452391
10499,PGO25480681
10500,UGO25445362
10501,UGO25450162
10502,PGO25428260
10503,PGO25482844
10504,PGO25480047
10505,UGO25485384
10506,PGO25474640
10507,UGO25485238
10508,PGO25483791
10509,UGO25476082
10510,UGO25483828
10511,PGO25483517
10512,UGO25469428
10513,UGO25485515
10514,UGO25470881
10515,UGO25482562
10516,UGO25465204
10517,PGO25465974
10518,PGO25482799
10519,PGO25484001
10520,UGO25484741
10521,PGO25476278
10522,UGO25460763
10523,UGO25476022
10524,UGO25484965
10525,UGO25484860
10526,PGO25417528
10527,PGO25479245
10528,UGO25479354
10529,UGO25482602
10530,PGO25481511
10531,PGO25462397
10532,PGO25466161
10533,UGO25480226
10534,UGO25465062
10535,PGO25480237
10536,UGO25478321
10537,UGOSY25012
10538,UGOSY25011
10539,PGOSY25011
10540,PGO25453330
10541,UGO24158788
10542,PGO25473344
10543,UGO25470137
10544,PGO25483820
10545,PGO25480477
10546,UGO25482456
10547,UGO25434685
10548,UGO25480440
10549,UGO25475067
10550,UGO25480751
10551,PGO25473767
10552,PGO25476184
10553,UGO25480340
10554,UGO25477733
10555,PGO25430053
10556,UGO25452454
10557,UGO25480911
10558,PGO25449319
10559,PGO25477366
10560,UGO25478384
10561,PGO25472565
10562,PGO25479875
10563,UGO25482702
10564,PGO25471183
10565,PGO25474938
10566,PGO25452040
10567,UGO25479149
10568,PGO25363398
10569,PGO25469714
10570,UGO25474495
10571,UGO25479300
10572,UGO25470438
10573,PGO25472358
10574,PGO25465859
10575,UGO25473376
10576,PGO25478375
10577,PGO25473427
10578,PGO25469475
10579,PGO25480979
10580,PGO25479069
10581,UGO25433257
10582,PGO25475049
10583,PGO25478790
10584,UGO25466145
10585,PGO25467482
10586,PGO25480196
10587,PGO25449444
10588,UGO25450594
10589,UGO25336375
10590,UGO25479110
10591,PGO25457072
10592,PGO25480730
10593,UGO25436125
10594,PGO25480101
10595,PGO25478887
10596,UGO25479877
10597,PGO25451752
10598,PGO25479186
10599,UGO25473454
10600,PGO25140839
10601,PGO25465261
10602,UGO25472234
10603,UGO25447887
10604,UGO2590323
10605,PGO25421591
10606,UGO25479034
10607,UGO25478677
10608,UGO25471560
10609,UGO25467958
10610,PGO25470776
10611,PGO25470702
10612,UGO25443478
10613,UGO25474383
10614,PGO25465107
10615,UGO25478905
10616,UGO25466847
10617,UGO25414353
10618,PGO25477955
10619,UGO25448073
10620,PGO25478708
10621,UGO25476378
10622,PGO25477262
10623,PGO25478678
10624,PGO25470894
10625,PGO25421601
10626,PGO25472710
10627,PGO25422263
10628,PGO25473419
10629,PGO25438328
10630,UGO25474654
10631,UGO25432663
10632,UGO25461995
10633,UGO25424062
10634,UGO25469670
10635,UGO25433633
10636,PGO25376407
10637,PGO25477528
10638,PGO25454727
10639,PGO25469703
10640,UGO25365637
10641,UGO25466596
10642,PGO25443075
10643,PGO25476598
10644,UGO25474350
10645,PGO25441415
10646,PGO25407837
10647,UGO25477357
10648,UGO25476416
10649,UGO25475742
10650,PGO25476086
10651,UGO25477037
10652,PGO25422035
10653,UGO25470522
10654,PGO25443206
10655,PGO25441704
10656,UGO25439319
10657,UGO25410859
10658,UGO25474591
10659,UGO25476129
10660,UGO25472095
10661,UGO25472183
10662,UGO25476442
10663,PGO25476253
10664,UGO25476337
10665,UGO25474945
10666,UGO25414644
10667,PGO25474949
10668,UGO25475859
10669,UGO25476179
10670,UGO25431824
10671,UGO25466039
10672,PGO25474648
10673,PGO25462682
10674,UGO25203726
10675,PGO25472235
10676,PGO25437442
10677,PGO25465814
10678,UGO25473367
10679,PGO25474745
10680,PGO25450199
10681,UGO25470108
10682,PGO25474334
10683,UGO25411911
10684,UGO25474903
10685,PGO25463880
10686,PGO25453518
10687,PGO25468001
10688,PGO25455407
10689,PGO25474965
10690,UGO25460769
10691,UGO25472559
10692,UGO25462870
10693,UGO25438091
10694,PGO25474655
10695,UGO25452701
10696,PGO25474423
10697,PGO25453662
10698,PGO25458307
10699,PGO25454740
10700,PGO25433322
10701,UGO25473682
10702,UGO25472369
10703,UGO25474157
10704,PGO25470841
10705,UGO25465950
10706,UGO25447747
10707,UGO25452105
10708,UGO25469340
10709,UGO25470735
10710,UGO25467521
10711,PGO25467002
10712,UGO25473739
10713,UGO25466023
10714,PGO25473675
10715,PGO25455606
10716,PGO25470790
10717,PGO25472692
10718,UGO25468862
10719,PGO25473496
10720,PGO25450919
10721,PGO25456394
10722,UGO25473330
10723,PGO25472724
10724,UGO25471048
10725,UGO25461312
10726,PGO25456797
10727,UGO25462992
10728,UGO25437383
10729,PGO25415479
10730,UGO25432651
10731,PGO25411391
10732,UGO25461992
10733,UGO25472070
10734,UGO25472412
10735,UGO25446493
10736,PGO25399199
10737,PGO25472203
10738,UGO25467692
10739,PGO25425892
10740,PGO25458375
10741,UGO25467683
10742,UGO25467657
10743,UGO25465896
10744,UGO25465371
10745,PGO25451695
10746,PGO25281410
10747,UGO25452008
10748,UGO25416526
10749,UGO25471087
10750,UGO25454874
10751,PGO25470770
10752,PGO25471307
10753,PGO25458267
10754,PGO25464076
10755,PGO25422571
10756,UGO25460589
10757,PGO25460821
10758,UGO25468347
10759,UGO25453302
10760,PGO25466348
10761,PGO25470788
10762,UGO25430044
10763,UGO25470853
10764,UGO25470763
10765,PGO25433624
10766,PGO25460667
10767,PGO25466858
10768,PGO25470565
10769,PGO25423093
10770,UGO25427591
10771,UGO25462514
10772,UGO25458020
10773,UGO25469759
10774,UGO25456750
10775,PGO25467837
10776,UGO25458468
10777,UGO25469656
10778,UGO25468106
10779,PGO25469290
10780,PGO25464318
10781,UGO25468210
10782,UGO25465989
10783,PGO25399528
10784,UGO25394891
10785,UGO25437355
10786,PGO25464788
10787,PGO25424694
10788,UGO25416275
10789,PGO25402781
10790,UGO25416693
10791,PGO25454037
10792,PGO25415941
10793,PGO25426109
10794,PGO25467697
10795,PGO25468044
10796,PGO25416091
10797,UGO25468397
10798,PGO25466004
10799,UGO25465452
10800,PGO25463942
10801,PGO25466729
10802,PGO25468231
10803,UGO25460752
10804,UGO25401680
10805,PGO24213428
10806,PGO25411349
10807,UGO25465585
10808,UGO25446897
10809,UGO25455634
10810,PGO25392529
10811,UGO25466157
10812,UGO25453845
10813,UGO25450000
10814,PGO25453092
10815,UGO25425600
10816,PGO25450494
10817,PGO25465192
10818,UGO25465201
10819,PGO25467578
10820,UGO25454186
10821,PGO25452225
10822,UGO25433680
10823,PGO25465482
10824,UGO25467580
10825,PGO25466081
10826,PGO25467522
10827,PGO25465948
10828,PGO25464199
10829,PGO25450020
10830,PGO25445721
10831,PGO25456845
10832,PGO25462855
10833,UGO25463627
10834,UGO25463024
10835,PGO25463874
10836,PGO25464964
10837,PGO25394031
10838,UGO25463689
10839,PGO25463881
10840,PGO25456940
10841,UGO25464711
10842,UGO25464870
10843,PGO25456385
10844,UGO25454663
10845,PGO25457600
10846,UGO25412473
10847,UGO25445651
10848,PGO25465205
10849,PGO25464135
10850,PGO25450396
10851,PGO25457382
10852,PGO25418265
10853,UGO25411658
10854,UGO25460852
10855,PGO25447799
10856,UGO25417429
10857,PGO25430008
10858,UGO25443404
10859,PGO25436113
10860,PGO25419395
10861,UGO25464875
10862,UGO25429213
10863,UGO25437513
10864,UGO25443279
10865,UGO25462849
10866,PGO25306837
10867,PGO25462621
10868,PGO25461457
10869,PGO25458473
10870,PGO25461402
10871,UGO25421495
10872,PGO25463999
10873,UGO25417211
10874,UGO25437754
10875,PGO24290059
10876,UGO25445741
10877,UGO25446536
10878,PGO25464225
10879,UGO25216113
10880,PGO25461532
10881,UGO25429393
10882,UGO25438673
10883,PGO25452029
10884,PGO25456715
10885,UGO25439491
10886,UGO25463811
10887,PGO25420053
10888,UGO25433758
10889,PGO25463598
10890,UGO25391981
10891,PGO25449000
10892,UGO25436137
10893,PGO25270341
10894,PGO25460891
10895,UGO25450722
10896,PGO25452242
10897,PGO25458092
10898,UGO25455630
10899,PGO25458278
10900,PGO25445666
10901,PGO25369670
10902,PGO25432934
10903,UGO25461005
10904,UGO25458284
10905,PGO25457649
10906,UGO25457237
10907,UGO25456772
10908,UGO25419918
10909,UGO25458107
10910,UGO25457173
10911,UGO25450477
10912,PGO25460994
10913,PGO25456962
10914,UGO25441493
10915,UGO25455348
10916,PGO25453335
10917,UGO25453008
10918,UGO25449147
10919,PGO25443276
10920,UGO25450129
10921,UGO25458049
10922,UGO25447133
10923,UGO25408787
10924,PGO25456919
10925,UGO25456907
10926,UGO25455338
10927,PGO25297639
10928,PGO25437206
10929,PGO25425159
10930,PGO25452359
10931,PGO25427355
10932,UGO25440950
10933,UGO25441067
10934,PGO25453246
10935,UGO25435019
10936,UGO25454301
10937,PGO25448853
10938,PGO25450923
10939,UGO25448997
10940,PGO25436126
10941,PGO25440947
10942,UGO25452935
10943,UGO25453621
10944,PGO25451458
10945,PGO25443354
10946,UGO25454828
10947,UGO25432629
10948,UGO25455340
10949,UGO25454991
10950,UGO25455277
10951,UGO25443736
10952,PGO25417870
10953,UGO25434653
10954,PGO25443355
10955,UGO25446691
10956,PGO25453283
10957,PGO25441859
10958,UGO25454737
10959,PGO25452379
10960,UGO25423237
10961,PGO25454709
10962,PGO25452951
10963,UGO25431509
10964,UGO25444103
10965,PGO25450928
10966,PGO25437910
10967,UGO25443565
10968,PGO25452353
10969,PGO25442293
10970,UGO25453970
10971,UGO25447885
10972,PGO25452773
10973,UGO25419310
10974,UGO25441922
10975,PGO25453469
10976,UGO25416110
10977,UGO24237627
10978,PGO25154067
10979,PGO25203469
10980,UGO25437339
10981,PGO25452024
10982,PGO25444649
10983,PGO25377379
10984,PGO25370393
10985,PGO25451350
10986,UGO25444494
10987,UGO25448234
10988,PGO25430474
10989,PGO25452316
10990,UGO25444936
10991,PGO25443513
10992,PGO25452017
10993,UGO25416428
10994,UGO25440049
10995,PGO25445305
10996,UGO25452209
10997,UGO25402630
10998,UGO25452574
10999,UGO25452834
11000,PGO25420497
11001,UGO25452437
11002,UGO25434834
11003,UGO25446387
11004,PGO25421303
11005,UGO25452351
11006,PGO25452413
11007,UGO25451445
11008,UGO25452470
11009,PGO25426192
11010,UGO25451506
11011,PGO25452013
11012,PGO25452404
11013,UGO25417427
11014,PGO25452360
11015,PGO25415121
11016,UGO25174981
11017,UGO25432703
11018,UGO25452332
11019,UGO25452322
11020,UGO25446828
11021,UGO25452179
11022,PGO25422762
11023,PGO25451499
11024,UGO25452099
11025,PGO25448549
11026,PGO25440998
11027,UGO25451621
11028,UGO25452189
11029,UGO25432095
11030,UGO25449261
11031,PGO25451352
11032,UGO25452033
11033,UGO25451627
11034,PGO25450954
11035,PGO25450298
11036,PGO25365176
11037,PGO25451379
11038,UGO25451186
11039,UGO25410549
11040,UGO25437461
11041,PGO25448861
11042,PGO25451144
11043,UGO25441353
11044,PGO25447965
11045,PGO25449792
11046,UGO25447912
11047,UGO25451138
11048,UGO25436359
11049,UGO25441102
11050,PGO25450609
11051,UGO25450562
11052,UGO25450520
11053,PGO25427300
11054,UGO25439653
11055,UGO25450813
11056,UGO25449371
11057,UGO25439210
11058,PGO25447616
11059,UGO25440971
11060,PGO25440877
11061,UGO25413215
11062,UGO25449073
11063,UGO25442486
11064,PGO25425851
11065,UGO25446628
11066,UGO25439423
11067,UGO25446999
11068,PGO25450538
11069,UGO25337332
11070,PGO25301673
11071,UGO25450587
11072,UGO25450541
11073,PGO25447672
11074,PGO25436896
11075,UGO25450194
11076,PGO25441006
11077,PGO25441840
11078,UGO25449304
11079,UGO25449023
11080,UGO25438513
11081,UGO25449578
11082,PGO25448526
11083,UGO25449763
11084,PGO25445506
11085,UGO25426319
11086,PGO25441152
11087,PGO25444652
11088,PGO25432659
11089,PGO25447582
11090,PGO25445677
11091,UGO25446827
11092,UGO25448369
11093,PGO25432181
11094,PGO25449342
11095,UGO25446282
11096,UGO25425963
11097,UGO25419373
11098,UGO25443482
11099,PGO25430361
11100,UGO25397368
11101,UGO25434406
11102,UGO25439414
11103,UGO25447938
11104,UGO25448069
11105,UGO25438314
11106,UGO25405199
11107,UGO25447778
11108,UGO25446510
11109,PGO25437813
11110,UGO25448079
11111,UGO25405526
11112,PGO25439499
11113,PGO25447369
11114,PGO25441888
11115,UGO25442286
11116,UGO25433520
11117,PGO25408931
11118,PGO25439879
11119,PGO25446836
11120,PGO25447889
11121,UGO25428973
11122,UGO25446560
11123,UGO25446193
11124,UGO25445896
11125,UGO25441853
11126,UGO25426106
11127,UGO25360995
11128,UGO25446494
11129,UGO25442936
11130,PGO25309438
11131,UGO25445183
11132,UGO25416234
11133,UGO25407709
11134,PGO25401669
11135,PGO25445491
11136,PGO25444838
11137,PGO25443392
11138,UGO25443258
11139,UGO25437934
11140,UGO25431580
11141,UGO25444828
11142,UGO25440939
11143,PGO25419572
11144,PGO25445312
11145,UGO25433999
11146,PGO25366004
11147,UGO25412927
11148,PGO25429439
11149,PGO25445240
11150,UGO25445575
11151,UGO25444648
11152,PGO25426368
11153,UGO25437395
11154,PGO25442226
11155,PGO25441468
11156,PGO25440935
11157,PGO25444691
11158,PGO25428294
11159,UGO25439381
11160,UGO25431170
11161,UGO25444495
11162,UGO25444684
11163,UGO25442591
11164,UGO25436657
11165,PGO25436251
11166,PGO25436157
11167,PGO25428248
11168,PGO25441536
11169,UGO25283635
11170,PGO25441541
11171,UGO25439460
11172,PGO25438059
11173,PGO25411283
11174,UGO25420472
11175,UGO25430225
11176,UGO25405003
11177,UGO25428848
11178,UGO25436482
11179,UGO25438226
11180,UGO25441399
11181,UGO25438965
11182,UGO25439212
11183,PGO25436000
11184,UGO25438711
11185,UGO25438026
11186,PGO25441355
11187,PGO25423866
11188,UGO25436356
11189,PGO25419829
11190,PGO25439961
11191,UGO25428963
11192,UGO25431493
11193,UGO25432652
11194,UGO25431189
11195,PGO25390916
11196,PGO25434976
11197,PGO25439375
11198,UGO25419367
11199,UGO25420447
11200,UGO25433562
11201,PGO25429181
11202,UGO25439672
11203,PGO25436105
11204,UGO25403929
11205,PGO25433950
11206,PGO25430432
11207,UGO25433987
11208,UGO25428975
11209,UGO25438181
11210,UGO25415176
11211,UGO25414293
11212,UGO25434627
11213,UGO25434205
11214,PGO25429151
11215,PGO25422431
11216,PGO25427943
11217,UGO25431135
11218,PGO25431949
11219,PGO25428455
11220,PGO25412872
11221,UGO25428967
11222,UGO25434426
11223,UGO25432000
11224,UGO25420554
11225,UGO25436733
11226,UGO25429409
11227,UGO25412852
11228,UGO25403880
11229,PGO25406368
11230,PGO25401555
11231,PGO25422759
11232,PGO25403072
11233,UGO25427283
11234,UGO25429554
11235,UGO25432750
11236,UGO25413854
11237,PGO25435092
11238,UGO25429925
11239,UGO25428130
11240,PGO25434713
11241,UGO25432919
11242,UGO25434623
11243,UGO25424566
11244,UGO25429819
11245,UGO25400847
11246,UGO25433537
11247,UGO25414423
11248,UGO25430229
11249,UGO25431652
11250,UGO25419111
11251,PGO25428762
11252,UGO25403508
11253,PGO25411241
11254,PGO25410398
11255,UGO25409870
11256,UGO25366168
11257,UGO25427590
11258,UGO25420442
11259,UGO25420469
11260,UGO25408444
11261,UGO25390093
11262,PGO25428757
11263,UGO25431508
11264,UGO25426333
11265,UGO25429043
11266,PGO25432257
11267,UGO25417254
11268,PGO25421194
11269,PGO25424555
11270,PGO25431861
11271,UGO25376483
11272,PGO25426289
11273,UGO25415066
11274,UGO25431117
11275,UGO25424537
11276,UGO25422612
11277,UGO25429207
11278,UGO25429449
11279,UGO25424605
11280,UGO25420230
11281,PGO25412940
11282,UGO25423753
11283,PGO25366683
11284,UGO25429111
11285,PGO25428032
11286,UGO25420680
11287,UGO25416856
11288,UGO25429447
11289,PGO25429150
11290,PGO25420078
11291,UGO25429149
11292,UGO25420140
11293,PGO25422553
11294,UGO25407102
11295,PGO25423505
11296,UGO25422505
11297,PGO25412185
11298,PGO25409228
11299,PGO25416575
11300,PGO25291834
11301,UGO25410698
11302,UGO25418820
11303,PGO25420032
11304,UGO25421537
11305,UGO25425106
11306,PGO25406687
11307,PGO25426111
11308,PGO25418456
11309,UGO25427796
11310,UGO25426485
11311,UGO25421173
11312,PGO25426463
11313,UGO25426223
11314,PGO25424827
11315,UGO25413675
11316,PGO25171700
11317,UGO25423670
11318,PGO25424113
11319,PGO25418883
11320,UGO25335186
11321,UGO25403493
11322,UGO25420499
11323,PGO25421210
11324,PGO25423546
11325,UGO25376181
11326,PGO25374161
11327,PGO25402455
11328,UGO25421219
11329,UGO25396505
11330,UGO25422466
11331,UGO25413993
11332,UGO25425510
11333,UGO25424421
11334,UGO25423245
11335,UGO25414369
11336,PGO25423298
11337,PGO25422381
11338,UGO25407769
11339,UGO25416472
11340,PGO25424455
11341,PGO25424772
11342,PGO25423946
11343,UGO25424634
11344,UGO25418552
11345,PGO25421586
11346,PGO25419878
11347,PGO25419440
11348,PGO24220204
11349,UGO25420843
11350,PGO25413496
11351,PGO25423761
11352,UGO25413102
11353,PGO25419365
11354,UGO25423518
11355,UGO25421234
11356,UGO25421613
11357,UGO25412611
11358,PGO25421298
11359,UGO25396287
11360,UGO25420655
11361,PGO25403898
11362,UGO25414227
11363,UGO25421307
11364,UGO25409097
11365,UGO25409771
11366,UGO24269204
11367,PGO25422239
11368,UGO25403278
11369,PGO25421320
11370,PGO25410852
11371,UGO25417900
11372,UGO25405641
11373,UGO25404541
11374,UGO25421195
11375,PGO25417527
11376,UGO25420491
11377,UGO25421414
11378,PGO25413124
11379,UGO25413547
11380,UGO25416742
11381,UGO25420345
11382,UGO25420762
11383,UGO25419536
11384,PGO25418965
11385,PGO25414342
11386,PGO25162714
11387,UGO25420268
11388,PGO25414377
11389,UGO25411942
11390,UGO25409862
11391,UGO25419029
11392,UGO25417145
11393,UGO25417209
11394,UGO25418152
11395,UGO25416647
11396,UGO25419397
11397,UGO25419560
11398,PGO25403930
11399,UGO25417589
11400,UGO25418946
11401,UGO25410986
11402,UGO25418949
11403,UGO25418209
11404,UGO25415948
11405,PGO25408765
11406,PGO25416770
11407,PGO25395100
11408,PGO25406009
11409,PGO25408415
11410,PGO25417492
11411,UGO25413852
11412,PGO25412458
11413,UGO25415074
11414,UGO25416722
11415,UGO25415418
11416,UGO25410411
11417,PGO25369000
11418,PGO25402079
11419,PGO25413580
11420,UGO25405792
11421,PGO25405652
11422,PGO25401553
11423,UGO25416274
11424,PGO25410387
11425,PGO25415513
11426,UGO25377007
11427,UGO25415446
11428,UGO25412587
11429,UGO25396398
11430,UGO25398049
11431,PGO25416493
11432,PGO25414149
11433,PGO25407690
11434,PGO25416329
11435,PGO25415173
11436,UGO25416439
11437,PGO25412891
11438,UGO25408654
11439,UGO25409226
11440,PGO25411924
11441,UGO25410889
11442,UGO25399155
11443,UGO25411693
11444,PGO25414738
11445,UGO25413061
11446,UGO25415988
11447,UGO25415375
11448,PGO25415997
11449,PGO25412590
11450,PGO25412226
11451,UGO25408786
11452,UGO25413859
11453,PGO25413191
11454,UGO25414610
11455,PGO25410205
11456,UGO25413719
11457,PGO25401946
11458,UGO25414552
11459,UGO25175303
11460,UGO25409600
11461,UGO25411122
11462,UGO25415019
11463,PGO25411180
11464,UGO25413271
11465,PGO25411330
11466,UGO25250658
11467,PGO25409662
11468,PGO25413409
11469,UGO25379723
11470,PGO25412336
11471,PGO25412510
11472,PGO25414121
11473,PGO25412539
11474,UGO25401139
11475,PGO25413742
11476,PGO25411118
11477,UGO25412863
11478,PGO25413713
11479,UGO25410430
11480,UGO25409766
11481,PGO25413468
11482,UGO25412815
11483,PGO25411648
11484,UGO25408972
11485,PGO25409639
11486,PGO25412600
11487,PGO25398678
11488,UGO25413167
11489,PGO25410221
11490,UGO25412750
11491,PGO25411055
11492,PGO25410173
11493,UGO25408221
11494,UGO25412493
11495,UGO25408290
11496,UGO25410909
11497,PGO2568566
11498,PGO25403863
11499,PGO25410182
11500,PGO25409422
11501,PGO25404254
11502,UGO25403362
11503,PGO25411207
11504,UGO25399967
11505,PGO25377748
11506,UGO25379039
11507,UGO25367737
11508,PGO25411650
11509,PGO25411438
11510,PGO25406108
11511,UGO25411040
11512,UGO25406894
11513,PGO25410118
11514,UGO25408215
11515,UGO25410272
11516,UGO25407924
11517,UGO25401006
11518,PGO25408102
11519,PGO25408337
11520,UGO25395987
11521,UGO25407373
11522,PGO25358185
11523,UGO25405237
11524,PGO25405297
11525,PGO25405630
11526,UGO25404180
11527,UGO25400912
11528,PGO25403558
11529,PGO25403784
11530,UGO25370693
11531,PGO25357324
11532,UGO25401055
11533,UGO25400880
11534,PGO25409342
11535,UGO25388874
11536,UGO25407478
11537,UGO25406165
11538,PGO25410219
11539,PGO25408090
11540,PGO25409993
11541,PGO25409602
11542,PGO25409773
11543,PGO25409684
11544,UGO25407747
11545,UGO25284467
11546,PGO25407077
11547,PGO25403725
11548,PGO25408848
11549,UGO25404835
11550,PGO25407284
11551,UGO25408734
11552,PGO2568298
11553,UGO25403092
11554,UGO25408598
11555,PGO25406880
11556,UGO25400543
11557,PGO25407784
11558,PGO25407403
11559,UGO25403708
11560,UGO25407451
11561,UGO25407630
11562,UGO25405197
11563,UGO25381625
11564,UGO25402852
11565,UGO25404550
11566,UGO25404660
11567,PGO25400473
11568,PGO25402373
11569,UGO25398744
11570,PGO25403580
11571,UGO25404638
11572,PGO25404493
11573,UGO25405972
11574,UGO25403984
11575,UGO25405396
11576,PGO25404534
11577,PGO25405998
11578,PGO25400662
11579,UGO25404226
11580,PGO25404502
11581,PGO25405683
11582,PGO25405628
11583,PGO25388998
11584,UGO25403071
11585,PGO25356376
11586,PGO25395365
11587,PGO25405366
11588,PGO25402541
11589,UGO25395301
11590,UGO25402816
11591,PGO25359546
11592,PGO25404641
11593,PGO25404281
11594,PGO25398573
11595,UGO25404272
11596,UGO25403349
11597,UGO25403421
11598,PGO25404543
11599,UGO25404558
11600,UGO25404524
11601,PGO25404181
11602,PGO25402974
11603,UGO25404293
11604,PGO25404222
11605,PGO24298364
11606,UGO25393096
11607,UGO25363782
11608,UGO25403061
11609,UGO25389394
11610,UGO25403154
11611,PGO25400671
11612,UGO25403879
11613,PGO25402225
11614,PGO25391637
11615,PGO25402031
11616,PGO24160024
11617,UGO25394724
11618,PGO25370238
11619,UGO25392295
11620,PGO25401141
11621,UGO24307380
11622,PGO25287909
11623,UGO25398503
11624,UGO25366132
11625,PGO25366980
11626,PGO25687164
11627,PGO25600591
11628,PGO25601016
11629,UGO25539625
11630,UGO25643451
11631,PGO25600935
11632,PGO25600991
11633,PGO25601010
11634,PGO25600962
11635,PGO25601020
11636,PGO25600938
11637,PGO25600588
11638,PGO25600936
11639,PGO25601009
11640,PGO25601004
11641,PGO25600951
11642,PGO25601007
11643,PGO25601012
11644,PGO25601021
11645,PGO25600958
11646,PGO25601006
11647,PGO25600950
11648,PGO25600959
11649,PGO25601014
11650,PGO25600945
11651,PGO25600948
11652,PGO25600961
11653,PGO25601011
11654,PGO25601018
11655,PGO25600999
11656,PGO25600955
11657,PGO25600939
11658,PGO25600937
11659,PGO25601022
11660,PGO25600944
11661,PGO25601017
11662,PGO25601019
11663,PGO25601000
11664,PGO25601008
11665,PGO25600933
11666,PGO25605032
11667,PGO25600940
11668,PGO25600941
11669,PGO25600946
11670,PGO25600949
11671,PGO25600947
11672,PGO25600993
11673,PGO25600956
11674,PGO25601001
11675,PGO25600998
11676,PGO25600994
11677,PGO25600932
11678,PGO25601003
11679,PGO25600992
11680,PGO25601002
11681,PGO25600997
11682,PGO25600957
11683,PGO25600942
11684,PGO25600943
11685,PGO25600571
11686,PGO25600575
11687,PGO25600578
11688,PGO25600568
11689,PGO25600597
11690,PGO25600576
11691,PGO25600596
11692,PGO25600577
11693,PGO25600574
11694,PGO25600580
11695,PGO25600584
11696,PGO25600572
11697,PGO25600573
11698,PGO25600590
11699,PGO25600586
11700,PGO25600589
11701,PGO25600579
11702,PGO25600570
11703,PGO25600593
11704,PGO25600594
11705,PGO25600583
11706,PGO25600598
11707,PGO25600581
11708,PGO25600954
11709,PGO25600934
11710,PGO25600995
11711,PGO25601015
11712,PGO25600996
11713,PGO25600960
11714,PGO25600587
11715,PGO25601005
11716,PGO25600953
11717,PGO25600585
11718,PGO25600569
11719,UGO25409099
11720,PGO26730171
11721,UGO26730369
11722,UGO26848745
11723,UGO26773078
11724,PGO26739258
11725,PGO26775838
11726,UGO26691498
11727,PGO26843371
11728,PGO26722338
11729,UGO26851082
11730,UGO26763522
11731,PGO26783100
11732,PGO26851592
11733,PGO26758262
11734,UGO26812572
11735,UGO26781691
11736,UGO26793838
11737,PGO26808343
11738,PGO26817296
11739,UGO26749068
11740,UGO26778210
11741,UGO26754212
11742,UGO26831275
11743,UGO26836299
11744,UGOS26052
11745,UGO26781611
11746,PGO26691798
11747,PGO26735040
11748,UGOS26016
11749,PGOS26027
11750,UGO26768112
11751,PGO26821573
11752,UGO26742788
11753,UGO26848853
11754,PGO26722518
11755,UGO26690288
11756,UGO26774704
11757,UGO26785315
11758,UGO26811405
11759,PGO26826858
11760,PGO26711759
11761,PGO26835307
11762,PGO26733360
11763,UGO26732155
11764,PGO26764970
11765,UGO26793711
11766,UGO26780455
11767,PGO26715445
11768,PGO26693753
11769,PGO26768575
11770,UGO26840199
11771,UGO26841993
11772,PGO26847601
11773,UGO26809669
11774,UGO26789871
11775,PGO26719463
11776,UGO26838242
11777,UGO26742684
11778,UGO26754025
11779,PGO26713164
11780,PGO26734411
11781,UGO26742431
11782,UGO26692772
11783,PGO26757903
11784,UGO26845902
11785,UGO26851580
11786,PGO26764296
11787,UGO26834619
11788,UGO26688959
11789,UGO26473424
11790,UGO26823848
11791,UGO26714634
11792,PGO26803457
11793,PGO26689852
11794,UGO26798724
11795,UGO26790121
11796,PGO26785441
11797,PGO26844847
11798,UGO25539178
11799,UGO25464092
11800,PGO26735700
11801,PGO26843170
11802,UGO26772583
11803,PGO26752646
11804,UGO26750510
11805,PGO26755864
11806,UGO26715480
11807,UGO26848780
11808,UGO26785296
11809,PGO26731204
11810,UGO26814165
11811,PGO26842310
11812,UGO26714907
11813,UGO26748882
11814,PGO26765967
11815,PGO26818941
11816,PGO26779406
11817,PGO26794344
11818,PGO25657705
11819,PGO26689637
11820,PGO26721206
11821,UGO26833254
11822,UGO25262455
11823,UGO26689011
11824,PGO26843062
11825,UGO26693157
11826,UGO26799742
11827,PGO26730131
11828,PGO26598006
11829,PGO26747201
11830,UGO26750217
11831,PGO26725862
11832,PGO26761697
11833,UGO26676592
11834,UGO26764183
11835,PGO25650087
11836,UGO26809717
11837,UGO26762140
11838,PGO26746712
11839,UGO26685662
11840,UGO26736798
11841,PGO26693139
11842,PGO26763452
11843,PGO26738812
11844,UGO26675016
11845,UGOS26027
11846,PGOS26053
11847,PGO25640910
11848,PGO26851582
11849,UGO25681591
11850,UGO25683599
11851,UGO26681965
11852,UGO25683128
11853,PGO25684799
11854,PGO25685875
11855,UGO25685677
11856,UGO25678198
11857,UGO26464535
11858,UGO25683934
11859,UGO26852164
11860,UGO25688037
11861,UGO26847776
11862,UGO25659397
11863,PGO25558835
11864,PGO25681057
11865,UGO25682623
11866,PGO26692025
11867,PGO25640210
11868,PGO25688434
11869,UGO25687846
11870,UGO26683408
11871,PGO25687151
11872,UGO26688536
11873,PGO26689882
11874,PGO26687779
11875,PGO26690498
11876,PGO26689880
11877,UGO26690059
11878,PGO26690578
11879,PGO26692339
11880,PGO26690384
11881,UGO26693010
11882,PGO26692589
11883,UGO26694139
11884,UGO26694911
11885,UGO26690314
11886,PGO26690832
11887,UGO26690344
11888,UGO26692440
11889,UGO26690228
11890,UGO26692059
11891,PGO26695308
11892,PGO26711147
11893,PGO25619502
11894,PGO26711555
11895,UGO26799456
11896,PGO26688910
11897,PGO26713893
11898,UGO26691908
11899,UGO26711542
11900,PGO26711340
11901,UGO26691261
11902,UGO26693650
11903,PGO26690365
11904,PGO26690616
11905,UGO26750158
11906,UGO26691140
11907,UGO26731013
11908,PGO26690292
11909,PGO26691889
11910,PGO26689900
11911,UGO26690324
11912,UGO26690596
11913,UGO26690860
11914,UGO26691977
11915,PGO26652414
11916,UGO26689056
11917,UGO26691934
11918,PGO25569407
11919,PGO26695512
11920,UGO26676712
11921,UGO26691885
11922,UGO26714593
11923,PGO26711974
11924,PGO26714764
11925,PGO26714122
11926,PGO26713657
11927,UGO26695328
11928,PGO26694093
11929,PGO26715491
11930,PGO26688877
11931,UGO26690075
11932,PGO26711137
11933,UGO26690537
11934,PGO26718398
11935,PGO26718713
11936,PGO26690186
11937,PGO26690759
11938,PGO26690277
11939,UGO26690627
11940,PGO25686728
11941,UGO26692278
11942,PGO25658153
11943,PGO26693782
11944,PGO26710986
11945,PGO26689808
11946,PGO26719085
11947,UGO26715635
11948,UGO26712883
11949,UGO26691872
11950,UGO26715317
11951,PGO26692638
11952,PGO26695394
11953,PGO26718765
11954,UGO26713347
11955,PGO26763970
11956,UGO25693716
11957,PGO26711310
11958,UGO25678518
11959,PGO26719780
11960,UGO26691129
11961,PGO26691550
11962,PGO26719701
11963,UGO26693336
11964,UGO26695311
11965,PGO26715662
11966,PGO26712963
11967,PGO26711998
11968,PGO26722513
11969,UGO26729028
11970,PGO26719634
11971,UGO25643680
11972,UGO26723057
11973,PGO26712764
11974,PGO26721117
11975,PGO26721161
11976,PGO26722538
11977,PGO25683383
11978,PGO26689560
11979,UGO26715748
11980,PGO26723387
11981,PGO26723555
11982,UGO26688926
11983,UGO26689440
11984,UGO26689630
11985,UGO26714959
11986,UGO26724071
11987,UGO26689943
11988,UGO26689836
11989,UGO26724163
11990,UGO26713979
11991,UGO26690109
11992,UGO26690111
11993,UGO26725190
11994,PGO26718931
11995,PGO26723597
11996,UGO26690221
11997,UGO26725346
11998,PGO26724098
11999,PGO26725351
12000,PGO26695613
12001,PGO26689624
12002,UGO26728494
12003,PGO26715648
12004,PGO26755768
12005,UGO26726874
12006,UGO26782664
12007,PGO26707729
12008,PGO26726008
12009,PGO26692033
12010,PGO26683429
12011,PGO26727747
12012,PGO26727285
12013,UGO26726905
12014,PGO26728699
12015,UGO26726936
12016,UGO26692040
12017,UGO26561733
12018,PGO26728475
12019,UGO26727206
12020,UGO26725365
12021,PGO26728730
12022,UGO26711119
12023,PGO26721286
12024,PGO26692354
12025,PGO26690343
12026,PGO26719071
12027,PGO26727882
12028,PGO26728924
12029,PGO26730354
12030,UGO26730094
12031,PGO26681478
12032,UGO26729919
12033,UGO26729989
12034,UGO26729496
12035,PGO26730395
12036,UGO26729163
12037,UGO26730114
12038,UGO26682636
12039,UGO26724026
12040,UGO26690095
12041,PGO26720380
12042,PGO26731104
12043,UGO26731317
12044,UGO26730704
12045,PGO26726971
12046,UGO26682697
12047,UGO26731070
12048,PGO26721778
12049,PGO26731182
12050,PGO26713792
12051,UGO26732415
12052,PGO26711134
12053,PGO26721240
12054,PGO26721254
12055,PGO26691572
12056,PGO26692591
12057,PGO26733027
12058,UGO26729461
12059,UGO26730040
12060,UGO26692844
12061,UGO26734036
12062,PGO26731207
12063,PGO26719614
12064,PGO26734601
12065,PGO26731776
12066,PGO26737782
12067,UGO26720744
12068,PGO26735510
12069,UGO26691902
12070,UGO26734144
12071,PGO26731119
12072,PGO26731089
12073,UGO26734629
12074,UGO26736828
12075,PGO26735664
12076,PGO26685562
12077,UGO26737144
12078,UGO26714036
12079,PGO26729067
12080,PGO26727316
12081,UGO26730228
12082,UGO26729941
12083,PGO26730932
12084,PGO26724877
12085,PGO26735024
12086,UGO26730198
12087,PGO26731183
12088,PGO26729956
12089,PGO26733772
12090,PGO26737826
12091,UGO26739063
12092,PGO26732217
12093,PGO26719465
12094,UGO26733869
12095,UGO26722534
12096,UGO26739635
12097,UGO26739576
12098,PGO26729049
12099,PGO26727628
12100,PGO26730273
12101,PGO26712889
12102,PGO26735287
12103,UGO26737867
12104,PGO26690045
12105,UGO26740451
12106,PGO26735393
12107,PGO26710960
12108,UGO26690772
12109,PGO26712163
12110,UGO26730529
12111,UGO26723604
12112,PGO26733824
12113,UGO26740787
12114,UGO26739427
12115,PGO26734922
12116,PGO26692519
12117,UGO26726130
12118,PGO26726615
12119,UGO26711615
12120,PGO26690587
12121,UGO26729910
12122,UGO26740994
12123,UGO26736427
12124,UGO26603952
12125,UGO26743346
12126,PGO26713193
12127,PGO26740831
12128,UGO26736412
12129,UGO26742052
12130,PGO26740751
12131,UGO26740578
12132,UGO26731079
12133,PGO26688247
12134,PGO26739545
12135,UGO26229269
12136,UGO26772829
12137,PGO26734785
12138,UGO26745517
12139,UGO26737874
12140,UGO26728350
12141,UGO26745546
12142,PGO26744445
12143,PGO26745124
12144,PGO26743388
12145,UGO26746719
12146,PGO26747830
12147,PGO26730218
12148,UGO26739541
12149,PGO26740752
12150,PGO26732205
12151,UGO26721133
12152,PGO26640834
12153,UGO26744638
12154,PGO26730887
12155,PGO26742389
12156,PGO26745253
12157,PGO26744662
12158,PGO26746855
12159,PGO26689907
12160,UGO26751432
12161,UGO26749658
12162,UGO26733507
12163,PGO26730037
12164,PGO26741530
12165,PGO26739702
12166,PGO26747232
12167,UGO26744589
12168,UGO26733729
12169,PGO26745470
12170,PGO26749050
12171,UGO26730326
12172,PGO25679422
12173,PGO26656000
12174,PGO26744220
12175,UGO26743490
12176,UGO26749113
12177,PGO26746080
12178,PGO26674648
12179,UGO26622306
12180,PGO26747836
12181,PGO25682721
12182,UGO26750518
12183,UGO26750094
12184,PGO26750336
12185,UGO26747691
12186,PGO26751278
12187,PGO26751712
12188,PGO26751714
12189,UGO26728117
12190,PGO26751651
12191,UGO26752145
12192,UGO26752454
12193,UGO26753773
12194,UGO25675850
12195,PGO26753215
12196,PGO26747063
12197,PGO26751608
12198,UGO26749391
12199,UGO26751858
12200,UGO26733603
12201,PGO26749568
12202,UGO26753181
12203,UGO26750351
12204,UGO26752447
12205,PGO26694985
12206,PGO26740492
12207,PGO26754625
12208,UGO26751679
12209,UGO26739675
12210,PGO26754984
12211,PGO26763286
12212,UGO26755024
12213,UGO26760493
12214,PGO26747248
12215,PGO26748190
12216,UGO26691390
12217,PGO26694003
12218,PGO26753945
12219,UGO26755870
12220,UGO26806333
12221,PGO26755919
12222,PGO26754209
12223,UGO26755274
12224,PGO26690743
12225,UGO26690536
12226,UGO25656716
12227,PGO26694903
12228,UGO26693469
12229,UGO26691842
12230,UGO26692016
12231,PGO26691911
12232,PGO26691832
12233,PGO26691815
12234,PGO26689934
12235,PGO26694349
12236,PGO26715529
12237,UGO26754847
12238,PGO26756302
12239,UGO26757037
12240,PGO26725728
12241,PGO26750139
12242,UGO26756582
12243,PGO26756715
12244,PGO26754263
12245,PGO26757092
12246,PGO26755826
12247,PGO26751500
12248,PGO26757660
12249,PGO26751480
12250,UGO26692031
12251,UGO26757700
12252,PGO26750397
12253,PGO26749196
12254,PGO26750246
12255,PGO26757814
12256,UGO26758357
12257,PGO26756834
12258,UGO26755096
12259,PGO26742508
12260,PGO26737307
12261,UGO26756953
12262,PGO26758391
12263,UGO26733258
12264,UGO26757609
12265,PGO26758897
12266,PGO26754342
12267,PGO26756230
12268,PGO26756245
12269,PGO26847584
12270,UGO26437492
12271,UGO26759323
12272,PGO26750575
12273,UGO26754591
12274,UGO26759216
12275,PGO26759220
12276,PGO26721010
12277,UGO26732709
12278,PGO26694407
12279,PGO26730801
12280,PGO26693167
12281,UGO26759822
12282,UGO26683622
12283,UGO26759522
12284,UGO26760270
12285,UGO26759147
12286,UGO26758236
12287,PGO26759612
12288,PGO26759573
12289,PGO26743669
12290,PGO26747826
12291,UGO26740979
12292,PGO26760333
12293,PGO26742743
12294,PGO26727199
12295,PGO26757273
12296,PGO26760521
12297,UGO26758169
12298,PGO26691319
12299,PGO26759976
12300,PGO26762515
12301,PGO26756227
12302,UGO26750593
12303,PGO26861606
12304,PGO26789285
12305,UGO26754195
12306,PGO26760042
12307,UGO26727297
12308,UGO26736974
12309,UGO26761472
12310,PGO26736301
12311,UGO26745368
12312,PGO26751418
12313,PGO26760416
12314,PGO26742023
12315,PGO26755071
12316,PGO26747292
12317,PGO26761629
12318,PGO26760391
12319,PGO26755769
12320,PGO26752470
12321,PGO26761737
12322,PGO26754957
12323,PGO26652195
12324,UGO25582817
12325,PGO26692459
12326,PGO26755756
12327,PGO26760464
12328,PGO26745545
12329,UGO26740549
12330,UGO26747707
12331,PGO26762208
12332,PGO26742243
12333,PGO26690133
12334,PGO26755292
12335,PGO26755098
12336,PGO26756092
12337,UGO26731644
12338,PGO26741222
12339,PGO26722937
12340,PGO26719424
12341,PGO26753968
12342,PGO26749014
12343,PGO26585239
12344,PGO26712106
12345,PGO26694734
12346,UGO26711370
12347,UGO26691387
12348,PGO26749026
12349,UGO26754574
12350,PGO26760280
12351,PGO26720097
12352,PGO26692365
12353,UGO26723351
12354,UGO26730964
12355,UGO26750254
12356,PGO26753920
12357,UGO26750405
12358,UGO26692217
12359,UGO26754572
12360,UGO26663544
12361,PGO26757317
12362,PGO26748850
12363,PGO25501121
12364,PGO26458389
12365,PGO26691687
12366,UGO26747723
12367,PGO26691686
12368,PGO26719129
12369,PGO26693160
12370,PGO26692220
12371,UGO26734842
12372,UGO26732384
12373,PGO26731176
12374,PGO26751110
12375,UGO26741705
12376,PGO26715040
12377,PGO26727598
12378,PGO26745889
12379,UGO26723501
12380,UGO26729826
12381,UGO26733052
12382,PGO26745370
12383,PGO26735035
12384,UGO26757290
12385,UGO26691021
12386,PGO26735645
12387,UGO26747098
12388,PGO26492245
12389,UGO26742538
12390,PGO26715634
12391,PGO26718750
12392,PGO26714287
12393,PGO26739191
12394,UGO26752596
12395,PGO26692633
12396,UGO26690630
12397,PGO26758307
12398,UGO26754875
12399,PGO26757859
12400,PGO26760306
12401,UGO26690875
12402,PGO26746897
12403,UGO26723078
12404,PGO26692621
12405,UGO26755124
12406,UGO26751514
12407,UGO26737596
12408,UGO26689242
12409,PGO26685180
12410,PGO26713794
12411,PGO26562578
12412,UGO26758371
12413,PGO26691388
12414,PGO26750534
12415,UGO26741091
12416,UGO26692302
12417,UGO26688234
12418,PGO26690874
12419,UGO25687267
12420,UGO26640417
12421,PGO26713242
12422,PGO26726365
12423,UGO26734086
12424,PGO26647547
12425,PGO26733834
12426,UGO26692521
12427,PGO26755456
12428,UGO26731694
12429,PGO26764087
12430,UGO26741056
12431,PGO26754979
12432,UGO26752698
12433,PGO26690940
12434,PGO26747767
12435,UGO26736880
12436,UGO26739342
12437,PGO26743401
12438,PGO26713825
12439,UGO25144843
12440,PGO26725092
12441,PGO26713646
12442,UGO26689521
12443,PGO26725856
12444,PGO26713627
12445,PGO26743307
12446,PGO26760248
12447,PGO26748581
12448,PGO26691523
12449,PGO26695028
12450,UGO26692265
12451,UGO26732258
12452,UGO26754903
12453,PGO26715617
12454,PGO26753461
12455,UGO26730814
12456,PGO26729572
12457,UGO26718944
12458,PGO26552475
12459,UGO25496630
12460,PGO26737816
12461,PGO26753139
12462,UGO26690567
12463,PGO26724306
12464,PGO26758744
12465,UGO26727317
12466,PGO26729448
12467,PGO26755467
12468,UGO26736869
12469,UGO26733594
12470,UGO26693651
12471,UGO25609213
12472,UGO25450367
12473,UGO26729540
12474,PGO26748136
12475,PGO26718979
12476,UGO26741827
12477,PGO26753222
12478,PGO26743620
12479,UGO26691614
12480,PGO26688963
12481,UGO26759845
12482,PGO26725386
12483,UGO26755139
12484,UGO26733585
12485,PGO26731213
12486,PGO26748955
12487,UGO26760303
12488,UGO25615985
12489,PGO26742340
12490,PGO26713767
12491,UGO26692805
12492,UGO26688773
12493,PGO26718844
12494,UGO26748883
12495,UGO26689174
12496,PGO26691286
12497,UGO26691428
12498,UGO26755846
12499,PGO26744339
12500,PGO26691721
12501,PGO26691994
12502,UGO26692852
12503,PGO26740977
12504,UGO26691590
12505,PGO26719196
12506,PGO26734405
12507,PGO26757901
12508,PGO26725144
12509,PGO26690624
12510,PGO26728925
12511,UGO26754564
12512,PGO26299103
12513,PGO26724538
12514,UGO26713170
12515,PGO26751663
12516,PGO26752574
12517,PGO26761127
12518,UGO26719096
12519,PGO26691039
12520,PGO26761698
12521,UGO26764726
12522,PGO26752600
12523,UGO26761249
12524,PGO26761690
12525,PGO26754160
12526,PGO26764766
12527,PGO26762226
12528,PGO26749541
12529,UGO26749945
12530,PGO26688792
12531,PGO26759588
12532,PGO26763775
12533,PGO26764844
12534,PGO26762889
12535,PGO26764674
12536,PGO26499899
12537,PGO26765137
12538,PGO26757928
12539,PGO26729145
12540,PGO26763291
12541,PGO26715536
12542,PGO26762463
12543,PGO26763959
12544,UGO26764241
12545,PGO25678375
12546,UGO26767304
12547,UGO26766789
12548,PGO26767853
12549,PGO26746899
12550,PGO26776537
12551,PGO26764626
12552,UGO26767272
12553,PGO26766895
12554,UGO26768525
12555,PGO26768598
12556,PGO26761296
12557,PGO26763392
12558,PGO26765648
12559,PGO26767722
12560,PGO26691700
12561,UGO26768073
12562,UGO26769267
12563,PGO26769318
12564,PGO26766749
12565,UGO26651498
12566,PGO26761901
12567,UGO26711354
12568,UGO26695752
12569,UGO26649139
12570,PGO26714838
12571,PGO26722578
12572,PGO26694099
12573,PGO26769535
12574,UGO26763573
12575,UGO26748137
12576,PGO26755913
12577,PGO26767265
12578,PGO26762572
12579,PGO26745248
12580,PGO26765122
12581,PGO26770340
12582,UGO26844154
12583,PGO26767004
12584,UGO26768581
12585,PGO26354728
12586,PGO26770570
12587,UGO26770839
12588,PGO26736363
12589,PGO26360176
12590,PGO26743467
12591,PGO26771698
12592,PGO26788813
12593,PGO26771519
12594,PGO26767081
12595,PGO26771945
12596,PGO26770605
12597,PGO26769732
12598,UGO26578806
12599,PGO26772038
12600,UGO26756369
12601,UGO26148256
12602,UGO26762231
12603,PGO26763812
12604,PGO26750654
12605,PGO26766160
12606,UGO26771463
12607,PGO26770850
12608,UGO26762145
12609,PGO26770516
12610,PGO26767075
12611,PGO26767155
12612,UGO26769677
12613,UGO26761311
12614,UGO26769611
12615,PGO26772906
12616,PGO26736927
12617,UGO26769309
12618,PGO26761495
12619,PGO26768085
12620,UGO26771591
12621,UGO26767812
12622,PGO26767356
12623,PGO26764187
12624,PGO26761199
12625,PGO26766940
12626,UGO26767050
12627,UGO26762018
12628,UGO26758649
12629,UGO26766124
12630,UGO26754652
12631,UGO26762995
12632,PGO26758756
12633,PGO26761232
12634,UGO26773114
12635,PGO26763597
12636,UGO26762674
12637,PGO26762769
12638,UGO26762887
12639,PGO26724208
12640,PGO26762680
12641,UGO26762487
12642,UGO26756503
12643,PGO26762685
12644,UGO26740369
12645,PGO26744710
12646,UGO25681367
12647,PGO26760803
12648,UGO26760240
12649,UGO26760356
12650,UGO26770552
12651,PGO26722575
12652,UGO26772083
12653,UGO26759225
12654,UGO26765753
12655,UGO26811388
12656,PGO26768174
12657,PGO26774604
12658,PGO26770885
12659,UGO26776060
12660,UGO26772663
12661,PGO26776497
12662,PGO26774729
12663,PGO26774113
12664,PGO26724315
12665,PGO26690137
12666,PGO26770779
12667,PGO26774712
12668,PGO26765119
12669,UGO26776957
12670,UGO26739246
12671,PGO26771805
12672,UGO26776544
12673,PGO26776371
12674,UGO26776221
12675,PGO26776479
12676,UGO26774736
12677,PGO26774136
12678,PGO26770919
12679,PGO26778009
12680,PGO26777610
12681,UGO26771857
12682,PGO26773273
12683,PGO26776461
12684,UGO26640642
12685,PGO26776468
12686,PGO26772028
12687,PGO26769387
12688,UGO26776382
12689,PGO26778366
12690,UGO24146203
12691,UGO26777620
12692,PGO26767068
12693,UGO26761884
12694,PGO26739756
12695,PGO26738869
12696,PGO26772071
12697,UGO26775353
12698,PGO26774955
12699,PGO26765142
12700,PGO26775347
12701,PGO26757336
12702,UGO26780026
12703,UGO26767061
12704,UGO26770905
12705,UGO26759996
12706,PGO26694326
12707,UGO26768712
12708,UGO26694387
12709,UGO26718898
12710,PGO26754788
12711,UGO26776422
12712,PGO26757056
12713,PGO26770654
12714,PGO26761111
12715,UGO26770623
12716,PGO26779912
12717,PGO26780176
12718,UGO26768630
12719,PGO26745523
12720,UGO26781175
12721,PGO26781451
12722,UGO26781445
12723,UGO26777326
12724,UGO26780293
12725,PGO26780972
12726,PGO26771477
12727,PGO26763981
12728,PGO26769730
12729,UGO26781670
12730,PGO26754504
12731,UGO26763739
12732,PGO26781627
12733,UGO26782867
12734,UGO26778412
12735,PGO26781017
12736,UGO26781429
12737,PGO26764732
12738,UGO26767165
12739,UGO26762913
12740,PGO26757722
12741,UGO26830986
12742,PGO26779298
12743,PGO26774725
12744,UGO26774541
12745,UGO26780304
12746,UGO26782406
12747,PGO26744574
12748,UGO26774833
12749,UGO26782946
12750,UGO26754720
12751,PGO26781106
12752,PGO26762523
12753,UGO26719374
12754,PGO26762700
12755,UGO26783054
12756,PGO26761191
12757,PGO26777087
12758,UGO26769479
12759,PGO26767089
12760,PGO26783081
12761,PGO26766050
12762,PGO26772727
12763,UGO26772626
12764,PGO26776450
12765,PGO26772605
12766,PGO26774938
12767,UGO26773080
12768,UGO26771634
12769,UGO26758861
12770,PGO26765808
12771,UGO26770889
12772,PGO26780586
12773,PGO26774048
12774,PGO26778717
12775,UGO26776206
12776,PGO26783146
12777,UGO26771783
12778,UGO26779239
12779,PGO26768131
12780,PGO26781065
12781,UGO26782683
12782,PGO26777858
12783,PGO26778785
12784,UGO26778318
12785,PGO26762415
12786,UGO26774751
12787,PGO26778151
12788,UGO26754129
12789,PGO26781289
12790,PGO26777242
12791,PGO26749310
12792,PGO26747005
12793,UGO26736944
12794,UGO26754158
12795,PGO26783766
12796,PGO26784385
12797,PGO26757745
12798,PGO26784452
12799,PGO26784662
12800,UGO26782819
12801,PGO26769242
12802,PGO26735196
12803,PGO26751077
12804,PGO26745308
12805,UGO26726083
12806,UGO26689188
12807,UGO26688878
12808,UGO25673276
12809,UGO26784144
12810,PGO26784962
12811,UGO26783555
12812,PGO26781875
12813,UGO26780742
12814,UGO26785600
12815,PGO26784390
12816,PGO26781026
12817,PGO26782178
12818,PGO26779689
12819,PGO26785613
12820,UGO26757899
12821,UGO26785520
12822,PGO26763749
12823,PGO26777303
12824,PGO26274083
12825,PGO26786592
12826,PGO26788142
12827,PGO26787933
12828,PGO26783570
12829,UGO26785867
12830,PGO26786496
12831,PGO26783554
12832,UGO26782901
12833,UGO26767034
12834,UGO26787382
12835,PGO26780848
12836,PGO26776609
12837,UGO26769015
12838,UGO26788072
12839,PGO26782921
12840,PGO26788195
12841,UGO26788015
12842,PGO26784547
12843,PGO26451710
12844,PGO26788313
12845,UGO26787619
12846,UGO26772042
12847,PGO26777034
12848,PGO26779216
12849,PGO26785512
12850,PGO26761661
12851,PGO26783771
12852,UGO26785406
12853,UGO26766567
12854,PGO26782584
12855,UGO26784559
12856,UGO26779339
12857,UGO26765226
12858,PGO26743760
12859,UGO26781579
12860,UGO26438127
12861,UGO26721940
12862,PGO26776083
12863,PGO26768998
12864,PGO26773096
12865,UGO26749118
12866,PGO26508501
12867,PGO26781489
12868,PGO26778510
12869,PGO26781416
12870,PGO26785838
12871,PGO26846749
12872,PGO26766846
12873,PGO26785144
12874,PGO26784536
12875,UGO26789760
12876,UGO26767125
12877,PGO26786371
12878,PGO26786380
12879,UGO26787961
12880,UGO26788230
12881,UGO26780211
12882,UGO26734774
12883,UGO26692408
12884,PGO26771982
12885,UGO26788455
12886,UGO26788758
12887,UGO26780906
12888,PGO26771817
12889,PGO26828967
12890,PGO26774409
12891,PGO26783201
12892,PGO26792816
12893,UGO25688357
12894,UGO26719773
12895,UGO26729082
12896,PGO26785700
12897,PGO26781123
12898,UGO26785542
12899,PGO26776343
12900,PGO26788076
12901,PGO26788372
12902,PGO26789130
12903,PGO26788967
12904,UGO26786720
12905,PGO26780477
12906,PGO26788734
12907,PGO26785446
12908,PGO26785820
12909,PGO26784711
12910,UGO26762933
12911,PGO26771877
12912,UGO26794328
12913,PGO26788901
12914,UGO26794424
12915,UGO26794498
12916,PGO26794573
12917,PGO26794322
12918,UGO26794679
12919,PGO26795341
12920,UGO26789968
12921,PGO26788080
12922,UGO26793980
12923,UGO26787904
12924,PGO26795254
12925,PGO26805340
12926,PGO26794778
12927,UGO26786797
12928,PGO26794007
12929,PGO26794244
12930,PGO26794376
12931,PGO26796693
12932,PGO26754336
12933,UGO26768216
12934,UGO26770423
12935,PGO26770526
12936,UGO26780398
12937,UGO26799257
12938,UGO26795054
12939,UGO26640746
12940,UGO26729388
12941,UGO26793967
12942,UGO26785563
12943,PGO25687023
12944,UGO26760379
12945,UGO26784580
12946,UGO26769647
12947,PGO26767226
12948,UGO26763313
12949,UGO26759889
12950,PGO26735554
12951,UGO26734240
12952,PGO25652594
12953,PGO26711096
12954,UGO26688740
12955,UGO26691501
12956,PGO26771867
12957,PGO26774706
12958,UGO26784395
12959,UGO26728274
12960,PGO26759869
12961,PGO26772960
12962,PGO26678045
12963,UGO26796228
12964,PGO26794446
12965,UGO26797336
12966,PGO26795195
12967,UGO26789981
12968,UGO26749035
12969,PGO26798193
12970,UGO26797542
12971,PGO26784717
12972,PGO26794545
12973,PGO26796717
12974,UGO26797242
12975,UGO26796399
12976,UGO26785473
12977,UGO26749002
12978,PGO26798269
12979,UGO26773194
12980,PGO26719471
12981,PGO26795699
12982,PGO26798317
12983,PGO26796259
12984,PGO26786467
12985,PGO26798989
12986,PGO26797371
12987,UGO26761576
12988,PGO26796508
12989,UGO26797504
12990,PGO26790088
12991,PGO26784379
12992,UGO26760965
12993,PGO26744373
12994,UGO26798714
12995,UGO25603931
12996,UGO26797950
12997,UGO26795782
12998,PGO26797906
12999,UGO26800975
13000,UGO25578880
13001,PGO26848677
13002,UGO26803387
13003,UGO26789561
13004,PGO26801397
13005,UGO26800137
13006,UGO26800486
13007,PGO26802665
13008,PGO26801427
13009,PGO26783906
13010,PGO26690586
13011,PGO26775933
13012,UGO26799356
13013,UGO26799917
13014,PGO26798115
13015,PGO26756119
13016,UGO26798774
13017,PGO26799934
13018,PGO26799962
13019,PGO26799055
13020,UGO26794977
13021,PGO26797194
13022,PGO26799890
13023,PGO26798425
13024,PGO26799923
13025,UGO26788641
13026,UGO26796192
13027,PGO26411347
13028,PGO26523647
13029,PGO26793953
13030,UGO26795801
13031,PGO26793744
13032,UGO26790044
13033,UGO26795298
13034,UGO26787916
13035,UGO26795765
13036,UGO26781151
13037,PGO26794292
13038,PGO26768006
13039,PGO26795525
13040,PGO26781109
13041,PGO26793774
13042,UGO26795224
13043,UGO26794699
13044,UGO26794580
13045,UGO26794568
13046,PGO26789079
13047,UGO26794443
13048,PGO26794358
13049,UGO26766006
13050,UGO26779607
13051,PGO26781361
13052,UGO26785565
13053,PGO26790085
13054,PGO26793616
13055,UGO26793609
13056,PGO26771969
13057,PGO26793152
13058,PGO26803126
13059,PGO26686838
13060,UGO26799467
13061,UGO26801405
13062,PGO26803875
13063,UGO26758721
13064,PGO26801447
13065,UGO26802658
13066,PGO26794948
13067,PGO26802828
13068,PGO26803112
13069,PGO26778580
13070,UGO26711101
13071,PGO26496123
13072,UGO26806104
13073,PGO26804148
13074,UGO26852051
13075,UGO26799006
13076,UGL26796475
13077,PGO26804374
13078,PGO26765881
13079,PGO26776236
13080,PGO26724064
13081,PGO26725371
13082,UGO26729918
13083,PGO26796798
13084,UGO26795318
13085,PGO26805960
13086,PGO26412860
13087,UGO26805977
13088,UGO26801396
13089,PGO26838455
13090,PGO26805407
13091,PGO26805032
13092,UGO26721336
13093,PGO26804189
13094,UGO26804213
13095,UGO26799469
13096,UGO26806024
13097,PGO26803441
13098,UGO26789237
13099,PGO26802808
13100,PGO26806255
13101,UGO26806772
13102,PGO26807053
13103,UGO26798354
13104,PGO26807154
13105,UGO26799044
13106,UGO26802631
13107,UGO26807365
13108,PGO26801841
13109,PGO26763084
13110,UGO26807232
13111,PGO26806235
13112,UGO26805986
13113,PGO26807423
13114,PGO26790054
13115,UGO26798303
13116,PGO26794397
13117,PGO26746915
13118,UGO26734858
13119,PGO26807969
13120,UGO26807161
13121,UGO26783495
13122,PGO26808210
13123,PGO26788163
13124,UGO26809563
13125,UGO26795870
13126,PGO26777014
13127,UGO26694336
13128,UGO26778559
13129,PGOSY26021
13130,PGO26805440
13131,UGO26847893
13132,PGO26801007
13133,PGO26762159
13134,PGO26753133
13135,PGO26773696
13136,UGO26795507
13137,UGO26796659
13138,PGO26809564
13139,PGO26800940
13140,UGO26810560
13141,UGO26808666
13142,UGO26806089
13143,PGO26770695
13144,PGO26806257
13145,PGO26175552
13146,PGO26809533
13147,UGO26808087
13148,PGO26810896
13149,PGO26805232
13150,PGO26811725
13151,PGO26843389
13152,PGO26797938
13153,PGO26800958
13154,PGO26810778
13155,PGO26800083
13156,UGO26805096
13157,UGO26818214
13158,PGO26811509
13159,UGO26806216
13160,PGO26810725
13161,UGO26809699
13162,PGO26800165
13163,PGO26807353
13164,UGO26551397
13165,UGO26812170
13166,UGO26811993
13167,UGO26807869
13168,PGO26813366
13169,PGO26809772
13170,UGO26805538
13171,PGO26794435
13172,PGO26806766
13173,PGO26794494
13174,PGO26783842
13175,UGO26773166
13176,PGO26814543
13177,PGO26793392
13178,PGO26807069
13179,PGO26783702
13180,PGO26797901
13181,UGO26801795
13182,PGO26811525
13183,UGO26814692
13184,PGO26812492
13185,UGO26733723
13186,UGO26778611
13187,PGO26811934
13188,PGO26803104
13189,PGO26812262
13190,PGO26745225
13191,UGO26781602
13192,PGO26815878
13193,PGO26815961
13194,PGO26810943
13195,PGO26815767
13196,PGO26816333
13197,PGO26812468
13198,UGO26816750
13199,PGO26757033
13200,PGO26814482
13201,UGO26816872
13202,UGO26816504
13203,UGO26814344
13204,UGO26808901
13205,UGO26814875
13206,PGO26814508
13207,UGO26813662
13208,PGOSY26022
13209,UGO26814753
13210,PGO26809688
13211,PGO26784552
13212,PGO26781928
13213,UGO26802024
13214,UGO26811362
13215,PGO26807787
13216,UGO26817062
13217,PGO26785671
13218,PGO26804373
13219,PGO26814896
13220,UGO26750116
13221,UGO26815874
13222,PGO26785513
13223,UGO26815761
13224,UGO26806198
13225,PGO26815609
13226,PGO26801483
13227,PGO26812517
13228,UGO26815573
13229,PGO26797565
13230,PGO26815592
13231,UGO26815538
13232,PGO26808897
13233,PGO26813627
13234,PGO26814015
13235,PGO26807678
13236,PGO26798168
13237,UGO26803287
13238,PGO26282270
13239,UGO26817008
13240,PGO26814359
13241,UGO26817048
13242,UGO26815666
13243,UGO26743568
13244,PGO26721304
13245,UGO26690606
13246,PGO26810674
13247,PGO26816126
13248,UGO26816917
13249,UGO26754749
13250,PGO26817373
13251,PGO26808096
13252,UGO26820848
13253,PGO26818196
13254,UGO26257499
13255,UGO26489243
13256,PGO26821178
13257,UGO26821221
13258,PGO26809387
13259,UGO26821337
13260,UGO26820050
13261,UGO26812446
13262,PGO26813104
13263,UGO26812607
13264,PGO26812478
13265,PGO26818301
13266,PGO26821175
13267,PGO26800981
13268,UGO26771600
13269,UGO26817817
13270,PGO26821233
13271,PGO26806956
13272,PGO26820869
13273,PGO26824760
13274,PGO26824767
13275,PGO26817915
13276,UGO26824021
13277,UGO26825002
13278,UGO26817263
13279,PGO26814754
13280,PGO26798245
13281,UGO26821951
13282,PGO26813459
13283,UGO26817165
13284,UGO26821669
13285,UGO26796737
13286,UGO26797833
13287,PGO26789566
13288,UGO26817720
13289,UGO26826830
13290,PGO26803113
13291,UGO26821186
13292,UGO26826914
13293,PGO26806889
13294,UGO26815871
13295,UGO26812598
13296,UGO26810628
13297,PGO26809794
13298,UGO26807016
13299,UGL26825173
13300,UGO26823752
13301,UGO26792823
13302,UGO26795089
13303,PGO26821584
13304,UGO26842621
13305,UGO26493566
13306,UGO26821009
13307,UGO26817345
13308,PGO26806376
13309,PGO26764186
13310,UGO26829135
13311,PGO26828193
13312,PGO26823466
13313,PGO26804492
13314,PGO26777574
13315,UGO26829822
13316,PGO26828134
13317,PGO26443074
13318,PGO26823688
13319,PGO26821485
13320,UGO26755814
13321,UGO26824755
13322,UGL26825238
13323,PGO26823398
13324,PGO26812362
13325,UGO26824796
13326,PGO26825277
13327,PGO26817922
13328,UGO26823041
13329,UGO26793966
13330,UGO26828088
13331,UGO26633580
13332,UGO26815847
13333,UGO26817651
13334,UGO26811326
13335,UGO26806127
13336,PGO26803385
13337,UGO26799117
13338,PGO26778128
13339,PGO26757659
13340,PGO26713866
13341,UGO26782215
13342,PGO26803621
13343,UGO26832215
13344,UGO26815468
13345,UGO26824763
13346,PGO26832740
13347,PGO26831117
13348,PGO26830383
13349,PGO26828357
13350,PGO26832879
13351,UGO26815227
13352,UGO26832872
13353,UGO26829016
13354,PGO26818299
13355,PGO26783996
13356,UGO26816054
13357,UGO26824964
13358,UGO26713811
13359,PGO26810912
13360,PGO26810663
13361,PGO26802045
13362,UGO26833343
13363,UGO26833134
13364,UGO26834280
13365,PGO26786456
13366,PGO26824903
13367,PGO26768995
13368,UGO26817829
13369,UGO26829290
13370,UGO26815708
13371,UGO26832516
13372,UGO26794790
13373,PGO26828306
13374,PGO26771692
13375,UGO26821501
13376,PGO26831160
13377,UGO26833039
13378,PGO26834494
13379,UGO26805910
13380,PGO26796719
13381,PGO26829283
13382,PGO26823477
13383,UGO26829105
13384,PGO26789703
13385,PGO26835346
13386,UGO26814978
13387,UGO26834681
13388,PGO26833185
13389,PGO26825511
13390,UGO26836352
13391,PGO26831502
13392,PGO26833215
13393,PGO26834661
13394,PGO26814645
13395,PGO26694434
13396,PGO26792640
13397,PGO26834680
13398,PGO26798083
13399,UGO26836313
13400,PGO26823514
13401,PGO26835265
13402,PGO26759785
13403,UGO26836791
13404,PGO26811381
13405,PGO26818346
13406,UGO26829134
13407,UGO26836943
13408,PGO26835461
13409,UGO26836559
13410,UGO26818211
13411,UGO26828740
13412,UGO26795205
13413,PGO26814704
13414,UGO26832873
13415,PGO26729848
13416,PGO26836328
13417,PGO26785443
13418,UGO26838572
13419,UGO26692597
13420,PGO26836444
13421,PGO26838165
13422,PGO26836520
13423,PGO26810630
13424,PGO26789148
13425,PGO26831039
13426,PGO26840090
13427,UGO26830761
13428,UGO26840231
13429,UGO26837977
13430,PGO26836674
13431,PGO26849638
13432,UGO26840102
13433,PGO26840685
13434,PGO26817875
13435,PGO26830962
13436,UGO26840105
13437,PGO26786533
13438,PGO26840166
13439,PGO26834990
13440,PGO26812125
13441,UGO26836883
13442,UGO26817719
13443,UGOS26001
13444,UGOS26002
13445,UGOS26003
13446,UGOS26004
13447,UGOS26006
13448,UGOS26007
13449,UGOS26008
13450,UGOS26012
13451,UGOS26013
13452,PGO26810747
13453,UGOS26018
13454,UGOS26019
13455,UGOS26020
13456,UGOS26021
13457,UGO26833248
13458,UGOS26022
13459,PGO26832403
13460,UGO26840677
13461,UGOS26024
13462,PGO26829256
13463,UGOS26025
13464,UGOS26026
13465,UGOS26028
13466,UGOS26029
13467,UGOS26030
13468,PGO26840497
13469,UGOS26033
13470,UGO26836539
13471,PGO26841198
13472,UGO26805010
13473,PGOS26001
13474,PGOS26002
13475,PGO26810234
13476,PGOS26003
13477,UGO26839049
13478,UGO26815766
13479,UGO26824790
13480,PGOS26004
13481,PGOS26005
13482,PGOS26006
13483,PGO26827335
13484,PGOS26007
13485,UGO26816051
13486,PGOS26010
13487,PGOS26011
13488,PGOS26012
13489,UGO26837090
13490,PGOS26014
13491,PGOS26015
13492,UGO26838377
13493,PGOS26017
13494,PGOS26018
13495,PGOS26019
13496,PGOS26020
13497,PGOS26021
13498,PGOS26023
13499,PGOS26024
13500,PGOS26026
13501,PGO26815772
13502,UGO26840448
13503,PGOS26028
13504,PGOS26029
13505,PGOS26030
13506,PGOS26032
13507,PGO26769446
13508,PGOS26033
13509,PGOS26034
13510,PGOS26035
13511,PGOS26036
13512,PGOS26037
13513,PGO26840652
13514,PGOS26038
13515,PGOS26040
13516,PGO26815665
13517,PGOS26043
13518,PGOS26045
13519,PGO26720817
13520,UGO26839184
13521,PGO26815937
13522,UGO26834713
13523,UGO26837020
13524,PGO26841396
13525,UGO26840530
13526,UGO26823546
13527,UGO26834690
13528,UGO26836993
13529,PGO26841325
13530,PGO26828194
13531,UGO26841066
13532,UGO26818085
13533,PGO26841983
13534,UGOS26036
13535,PGOS26048
13536,PGOS26047
13537,UGOS26035
13538,PGOS26051
13539,UGOS26015
13540,PGOS26052
13541,PGOS26054
13542,UGO26840075
13543,PGOS26049
13544,PGOS26044
13545,PGO26825194
13546,UGOS26038
13547,UGOS26005
13548,UGO26835379
13549,PGO26841318
13550,UGO26811452
13551,PGO26841315
13552,PGO26767622
13553,PGO26842023
13554,PGO26828952
13555,UGO26838420
13556,UGO26837045
13557,UGO26842084
13558,UGO26741456
13559,UGO26840286
13560,UGO26809173
13561,UGOS26017
13562,PGO26836948
13563,PGO26817119
13564,UGO26731581
13565,UGOS26011
13566,UGO26840536
13567,UGOS26010
13568,PGOS26046
13569,UGO26822734
13570,UGO26832087
13571,UGO26842182
13572,PGO26840743
13573,UGO26839023
13574,PGO26766808
13575,UGO26838453
13576,PGOS26013
13577,UGO26843103
13578,UGOS26043
13579,UGO26843089
13580,PGO26842370
13581,UGO26835325
13582,UGO26842494
13583,UGO26216432
13584,PGO26825207
13585,PGO26842010
13586,PGO26801399
13587,PGO26830486
13588,UGO26760969
13589,UGO26840385
13590,PGO26655967
13591,UGO26840159
13592,PGO26808753
13593,UGL26837548
13594,UGO26839329
13595,PGO26830389
13596,PGO26809685
13597,UGO26837727
13598,UGO26814103
13599,UGO26836616
13600,UGO26781447
13601,PGO26836503
13602,PGO26835355
13603,PGO26788124
13604,UGO26782511
13605,PGO25626578
13606,UGO26687104
13607,UGO26764502
13608,UGO26812482
13609,UGO26802329
13610,UGO26818452
13611,PGO26818410
13612,PGO26808212
13613,PGO26810763
13614,UGO26811932
13615,PGO26817308
13616,PGO26228872
13617,PGO26744839
13618,PGO26799646
13619,PGO26729180
13620,PGO26804304
13621,PGO26811591
13622,UGO26811397
13623,UGO26807722
13624,PGO26825188
13625,UGO26804109
13626,PGO26765029
13627,PGO26804343
13628,UGO26801856
13629,UGO26798900
13630,UGO26744216
13631,PGO26823746
13632,PGO26806589
13633,UGO26834648
13634,UGO26774878
13635,UGO26799213
13636,UGO26800827
13637,UGO26803245
13638,UGO26800140
13639,PGO26771892
13640,PGO26787939
13641,UGO26782510
13642,UGO26784104
13643,PGO26779066
13644,UGO26761360
13645,UGO26733800
13646,UGO26713758
13647,UGO26810604
13648,UGO26841614
13649,PGO26840238
13650,UGO26743418
13651,PGO26843028
13652,UGO26758449
13653,PGO26721882
13654,UGO26814489
13655,PGO26841624
13656,PGO26485280
13657,UGO26815249
13658,PGO26842490
13659,PGO26836472
13660,UGO26775129
13661,PGO26751262
13662,PGO26749520
13663,UGO26843209
13664,PGO25484228
13665,UGO26844185
13666,UGO26726890
13667,PGO26812472
13668,UGO26769724
13669,UGO26831637
13670,PGO26844096
13671,UGO26795268
13672,PGO26737301
13673,PGO25661700
13674,UGO26788180
13675,PGO26692832
13676,PGO26837587
13677,UGO26814689
13678,PGO26814939
13679,PGO26804541
13680,PGO26786531
13681,PGO26785442
13682,PGO26784118
13683,PGO26785319
13684,UGO26776431
13685,PGO26777351
13686,PGO26770424
13687,PGO26773118
13688,PGO26750992
13689,PGO26763852
13690,PGO26763308
13691,UGO26760832
13692,PGO26758800
13693,PGO26746970
13694,PGO26752289
13695,UGO26747070
13696,PGO26745455
13697,PGO26744945
13698,PGO26725806
13699,PGO26796278
13700,PGO26843572
13701,PGO26841494
13702,PGO26842295
13703,UGO26842260
13704,PGO26817329
13705,UGL26844505
13706,UGO26841610
13707,UGO26843348
13708,PGO26813332
13709,PGO26836347
13710,PGO26842556
13711,PGO26843131
13712,PGO26844774
13713,UGO26679722
13714,PGO26844906
13715,UGO26845111
13716,UGO26844883
13717,UGO26771936
13718,PGO26845169
13719,PGO26845115
13720,PGO26795589
13721,UGO26831254
13722,PGO26841551
13723,PGO26823250
13724,PGO26838164
13725,UGO26842641
13726,UGO26845976
13727,PGO26842360
13728,PGO26845225
13729,UGO26841982
13730,PGO26763930
13731,UGO26844179
13732,UGO26845943
13733,PGO26845162
13734,PGO26844366
13735,PGO26803880
13736,PGO26844405
13737,UGO26740759
13738,PGO26835045
13739,UGO26841484
13740,UGO26732057
13741,PGO26777305
13742,PGO26841111
13743,UGO26824765
13744,UGO26803070
13745,UGO26844091
13746,UGO26846759
13747,UGO26785729
13748,UGO26844130
13749,PGO26843029
13750,UGO25672179
13751,PGO26766046
13752,UGO26833088
13753,UGO26845729
13754,UGO26844365
13755,UGO26795134
13756,PGO26831527
13757,UGO26811949
13758,UGO26811824
13759,PGO26810774
13760,UGO26761552
13761,UGO26799697
13762,UGO26843017
13763,UGO26816809
13764,UGO26816808
13765,PGO26843527
13766,UGO26830496
13767,PGO26845233
13768,UGO26732614
13769,PGO26835274
13770,PGO26846636
13771,PGO26844321
13772,UGO25642330
13773,UGO26815275
13774,UGO26843147
13775,PGO26810709
13776,UGO26684792
13777,PGO26844764
13778,UGO26842677
13779,UGO26779447
13780,PGO26775958
13781,UGO26600694
13782,UGO26759404
13783,PGO26734015
13784,PGO26695577
13785,PGO25687548
13786,UGL26798227
13787,PGO26845121
13788,PGO26828302
13789,PGO26845699
13790,PGO26846871
13791,PGO26817867
13792,PGO26838581
13793,PGO26847687
13794,PGO26736657
13795,PGO26843569
13796,UGO26840997
13797,PGO26843411
13798,PGO26761217
13799,UGO26844772
13800,PGO26813553
13801,PGO26843167
13802,PGO26844747
13803,PGO26844059
13804,PGO26845208
13805,PGO26844561
13806,UGO26841341
13807,UGO26845334
13808,UGO26848042
13809,UGO26843499
13810,PGO25557517
13811,UGO26657549
13812,UGO26843130
13813,UGO26795105
13814,PGO26771070
13815,UGO26844732
13816,UGO26778223
13817,UGO26785891
13818,PGO26779196
13819,PGO26847595
13820,PGO26848556
13821,UGO26767362
13822,UGO26715472
13823,PGO26847015
13824,UGO26847955
13825,UGO26848418
13826,PGO26847811
13827,PGO26848582
13828,PGO26846478
13829,UGO26830981
13830,PGO26844125
13831,PGO26727605
13832,UGO26848505
13833,UGO26834989
13834,PGO26829158
13835,PGO25528371
13836,PGO26693260
13837,PGO26715534
13838,UGO26715614
13839,UGO26726990
13840,PGO26689806
13841,PGO26732250
13842,PGO26735468
13843,PGO26758976
13844,PGO26758537
13845,PGO26692066
13846,UGO26766860
13847,PGO26774501
13848,PGO26631751
13849,UGO26812904
13850,UGO26843567
13851,PGO26846885
13852,UGO26850582
13853,PGO26780863
13854,PGO26847028
13855,PGO26842406
13856,PGO26807083
13857,UGO25502567
13858,PGO26851004
13859,PGO26844300
13860,UGOS26044
13861,PGO26842296
13862,PGO26843368
13863,UGO26773174
13864,PGO26847122
13865,PGO26782813
13866,PGO26845313
13867,PGO26843592
13868,PGO26786477
13869,UGO26848995
13870,PGO26846451
13871,UGO26686073
13872,PGO26786336
13873,PGO26808655
13874,PGO26848813
13875,PGO26417460
13876,UGO26848580
13877,PGO26849329
13878,PGO26834639
13879,PGO26844333
13880,PGO26836789
13881,PGO26777862
13882,UGO26785493
13883,UGO26835255
13884,UGO26814419
13885,PGO26849600
13886,PGO26817812
13887,PGO26801393
13888,PGO26843081
13889,PGO26844902
13890,PGO26809535
13891,UGO26845104
13892,UGO26845937
13893,PGO26848605
13894,UGO26847070
13895,PGO26849594
13896,UGO26694310
13897,PGO26753340
13898,UGO26846847
13899,PGO26762580
13900,PGO26767288
13901,UGO26847578
13902,UGO26830428
13903,PGO26845207
13904,UGO26811339
13905,PGO26849582
13906,PGO26474890
13907,PGO26847555
13908,UGO26806583
13909,PGO26843707
13910,PGO26849225
13911,UGO26845050
13912,PGO26847866
13913,UGO26849398
13914,PGO26733703
13915,UGO26839007
13916,PGO26794656
13917,UGO26849712
13918,PGO26834997
13919,PGO26848855
13920,PGO26849138
13921,PGO26846551
13922,PGO26849609
13923,PGO26847842
13924,UGO26785567
13925,PGO26785709
13926,UGO26755572
13927,UGO26848410
13928,PGO26848516
13929,UGO26842642
13930,UGO26849263
13931,PGO26849761
13932,PGO26847903
13933,UGO26845616
13934,PGO26850080
13935,PGO26849551
13936,UGO26849301
13937,UGO26848851
13938,PGO26850128
13939,PGO25608439
13940,PGO26729265
13941,UGO26850028
13942,PGO26849789
13943,UGO26832457
13944,PGO26850111
13945,PGO26850187
13946,PGO26849843
13947,PGO26849308
13948,PGO26850371
13949,UGO26846979
13950,PGO26850161
13951,PGO26850243
13952,PGO26814736
13953,PGO26834601
13954,UGO26837012
13955,PGO26848712
13956,UGO26849744
13957,PGO26848452
13958,UGOS26045
13959,PGOS26055
13960,PGOS26050
13961,PGOS26042
13962,PGOS26039
13963,PGOS26031
13964,PGOS26022
13965,PGOS26016
13966,UGOS26042
13967,UGOS26041
13968,UGOS26040
13969,UGOS26039
13970,UGOS26037
13971,UGOS26034
13972,UGOS26032
13973,UGOS26031
13974,UGOS26023
13975,UGOS26014
13976,UGOS26009
13977,PGO26847720
13978,UGO26849675
13979,UGO26688790
13980,UGO26843533
13981,PGO26836474
13982,PGO26776362
13983,PGO26842921
13984,PGO26845618
13985,PGO26842131
13986,UGO26849672
13987,UGO26786948
13988,PGOS26008
13989,PGOS26009
13990,UGO26850041
13991,PGO26806400
13992,PGO26797348
13993,PGO26850237
13994,UGO26843283
13995,PGO26850402
13996,PGO26850782
13997,UGO26780651
13998,PGO26811422
13999,PGO26849615
14000,UGO26750175
14001,UGO26850445
14002,UGO26850482
14003,PGO26760445
14004,PGO26830299
14005,PGO26771577
14006,PGO26796240
14007,PGO26849801
14008,PGO26844859
14009,PGO26846951
14010,PGO26850864
14011,UGO26796300
14012,PGO26850341
14013,UGO26830989
14014,UGO26845281
14015,PGO26777234
14016,PGO26751813
14017,PGO26848567
14018,PGO26850912
14019,UGO26689510
14020,PGO26841307
14021,PGO26790086
14022,PGO26847820
14023,UGO26848885
14024,UGO26846566
14025,PGO26851050
14026,UGO26846808
14027,PGO26849285
14028,UGO26781543
14029,UGO26760948
14030,PGO26695480
14031,PGO26691456
14032,PGO25512199
14033,PGO26850961
14034,UGO26850926
14035,PGO26847827
14036,UGO26847581
14037,UGO26836889
14038,PGO26851003
14039,UGO26850972
14040,UGO26846596
14041,PGO26851159
14042,UGO26842421
14043,UGO26851240
14044,PGO26833580
14045,PGO26846781
14046,PGO26795150
14047,UGO26757629
14048,UGO26779331
14049,PGO26851387
14050,PGO26850918
14051,PGO26851422
14052,PGO26774793
14053,UGO26849129
14054,PGO26841040
14055,UGO26851465
14056,PGO26793929
14057,UGO26784406
14058,UGO26726997
14059,PGO26788392
14060,PGO26851009
14061,UGO26851510
14062,PGO26842019
14063,PGO26835719
14064,UGO26692062
14065,PGO26750473
14066,PGO26774838
14067,UGO25539439
14068,PGO26851590
14069,UGO26802370
14070,PGO26843302
14071,PGO26757794
14072,UGO26808095
14073,UGO26810697
14074,PGO26843247
14075,PGO26851602
14076,PGO26851522
14077,UGO26849302
14078,PGO26124001
14079,UGO26847977
14080,UGO26812901
14081,PGO26812278
14082,PGO26761069
14083,UGO25496189
14084,PGO25681441
14085,PGO26691421
14086,PGO26499581
14087,PGO26693990
14088,UGO26714840
14089,PGO26720796
14090,PGO26744405
14091,PGO26747209
14092,PGO26756756
14093,PGO26728649
14094,PGO26711142
14095,PGO26760321
14096,PGO26783828
14097,PGO26766867
14098,PGO26853436
14099,UGO26848591
14100,PGO26851712
14101,UGO26849072
14102,UGO26852081
14103,PGO26850901
14104,PGO26792871
14105,UGO26847092
14106,PGO26790047
14107,PGO26851711
14108,UGO26850774
14109,UGO26851509
14110,UGO26852004
14111,UGO26646714
14112,UGO26852251
14113,PGO26852249
14114,UGO26851609
14115,PGO26850993
14116,UGOS26046
14117,PGO26852139
14118,UGO26852306
14119,UGO26844386
14120,UGO26749237
14121,UGO25686458
14122,UGO26811820
14123,UGO26852394
14124,PGO26860958
14125,UGO26852270
14126,UGO26809246
14127,UGOS26047
14128,UGO26754304
14129,PGO26841072
14130,UGO26691354
14131,PGO26841070
14132,PGO26841074
14133,PGO26841069
14134,PGO26841068
14135,PGO26841065
14136,PGO26841062
14137,PGO26841061
14138,PGO26841058
14139,PGO26841053
14140,PGO26785355
14141,PGO26788325
14142,UGO26756676
14143,UGO26750326
14144,PGO26756329
14145,PGO26725118
14146,PGO26742809
14147,UGO26719425
14148,PGO26852406
14149,PGO26852512
14150,UGO26823708
14151,UGO26780370
14152,PGO26841097
14153,PGO26799092
14154,UGO26788849
14155,UGO26794285
14156,PGO26756439
14157,PGO26803752
14158,UGO26787935
14159,PGO26740663
14160,UGO26722116
14161,UGO26814544
14162,UGO25641598
14163,PGO26850270
14164,PGO26799212
14165,UGO26851460
14166,PGO26850561
14167,UGO26852487
14168,PGO26852395
14169,UGO26851721
14170,UGO25444760
14171,PGO26784499
14172,PGO26852554
14173,UGO26852591
14174,PGO26852574
14175,PGO26782684
14176,UGO26777038
14177,PGO26720422
14178,PGO26757773
14179,PGO25688002
14180,PGO26750453
14181,PGO26711509
14182,PGO26603408
14183,PGO26695647
14184,UGO26695620
14185,PGO26690174
14186,PGO26598115
14187,PGO26690963
14188,UGO26852572
14189,PGO26850013
14190,UGO25684337
14191,UGO26852077
14192,PGO26773742
14193,PGO26774904
14194,PGO26767431
14195,PGO26763332
14196,UGO26755421
14197,PGO26749561
14198,PGO26694898
14199,PGO26688943
14200,PGO26739364
14201,PGO26724705
14202,PGO26690147
14203,PGO26684339
14204,UGO26823509
14205,PGO26846371
14206,UGO26849732
14207,PGO26852539
14208,UGO26392619
14209,UGO26845186
14210,PGO26852301
14211,UGO26849280
14212,PGO26852399
14213,PGO26851734
14214,UGO26850740
14215,PGO26851101
14216,UGO26845194
14217,UGO26840160
14218,PGO26838399
14219,UGO26840713
14220,PGO26842186
14221,UGO26838180
14222,UGO26840367
14223,UGO26828445
14224,PGO26665258
14225,UGO26773007
14226,PGO26807709
14227,PGO26800978
14228,PGO26805222
14229,PGO25483763
14230,PGO26852754
14231,UGO26852171
14232,PGO26852765
14233,UGO26852506
14234,UGO26852657
14235,UGO26852835
14236,UGO26852183
14237,PGO26809159
14238,PGO26853133
14239,PGO26853068
14240,PGO26852780
14241,UGO26853527
14242,PGO26852909
14243,PGO26853763
14244,PGO26853815
14245,PGO26852423
14246,UGO26853984
14247,UGO26853796
14248,PGO26852373
14249,PGO26852009
14250,UGO26759130
14251,UGO26853751
14252,PGO26854036
14253,PGO26853496
14254,UGO26854208
14255,UGO26854108
14256,UGO26854318
14257,UGO26852513
14258,UGO26853006
14259,UGO26853861
14260,PGO26853328
14261,PGO26854499
14262,PGO26854656
14263,PGO26855039
14264,UGO26854532
14265,PGO26853873
14266,PGO26851691
14267,UGO26855516
14268,UGO26844480
14269,UGO26855630
14270,PGO26853123
14271,UGO26855650
14272,UGO26856655
14273,PGO26855531
14274,UGO26855027
14275,PGO26853893
14276,PGO26855795
14277,UGO26855041
14278,PGO26853294
14279,PGO26854650
14280,UGO26856293
14281,UGO26855360
14282,PGO26854529
14283,PGO26857227
14284,UGO26855526
14285,PGO26856386
14286,PGO26857366
14287,UGO26855016
14288,UGO26854037
14289,UGO26855123
14290,PGO26857742
14291,PGO26857233
14292,PGO26144518
14293,UGO26858313
14294,PGO26857808
14295,PGO26857508
14296,UGO26858527
14297,UGO26858620
14298,UGO26858421
14299,UGO26848361
14300,PGO26857496
14301,UGO26857916
14302,UGO26858762
14303,PGO26858653
14304,PGO26858786
14305,UGO26765772
14306,UGO26858780
14307,PGO26858881
14308,PGO26856484
14309,UGO26754746
14310,PGO26859465
14311,PGO26859411
14312,PGO26854907
14313,UGO26858947
14314,UGO26859460
14315,UGO26858380
14316,UGO26859509
14317,UGO26859500
14318,UGO26859687
14319,PGO26859777
14320,PGO26854861
14321,PGO26859709
14322,PGO26857391
14323,PGO26859636
14324,UGO26850854
14325,UGO26854731
14326,UGO26859894
14327,PGO26855785
14328,PGO26859964
14329,PGO26852501
14330,UGO26860072
14331,UGO26859962
14332,UGO26860043
14333,UGO26843382
14334,UGO26859626
14335,PGO26858426
14336,UGO26859140
14337,UGO26858898
14338,UGO26860509
14339,PGO26851662
14340,UGO26859688
14341,UGO26860536
14342,UGO26857681
14343,UGO26859438
14344,PGO26860527
14345,PGO26549312
14346,PGO26860689
14347,UGO26860741
14348,PGO26823811
14349,PGO26860737
14350,PGO26860763
14351,PGO26855113
14352,PGO2665841
14353,UGO26860099
14354,PGO26860929
14355,PGO26857719
14356,PGO26860880
14357,PGO26860798
14358,UGO26859542
14359,PGO26860797
14360,PGO26860867
14361,PGO26860911
14362,PGO26860955
14363,PGO26860956
14364,PGO26860550
14365,UGO26861093
14366,PGO26860084
14367,PGO26857336
14368,UGO2680511
14369,PGO26861206
14370,UGOS26048
14371,UGOS26049
14372,UGOS26050
14373,UGOS26051
14374,PGOS26060
14375,PGOS26061
14376,PGOS26062
14377,PGO26861264
14378,PGOS26063
14379,PGOS26064
14380,UGO26838213
14381,PGOS26058
14382,PGOS26059
14383,PGO26861091
14384,PGO26416538
14385,PGOS26056
14386,PGOS26057
14387,PGO26860333
14388,UGO26861390
14389,PGO26861446
14390,PGO26860957
14391,UGO26861406
14392,UGOS26053
14393,UGOS26054
14394,PGOS26065
14395,PGOS26066
14396,PGOS26067
14397,PGOS26068
14398,PGO26823152
14399,PGO26860679
14400,UGO26861544
14401,UGO26852904
14402,PGO26793391
14403,UGO26852314
14404,PGO26854016
14405,UGO26861298
14406,PGO26859858
14407,UGO26861734
14408,UGO26861751
14409,PGO26861757
14410,PGO26756773
14411,UGO26857513
14412,PGO26854082
14413,UGO26860895
14414,PGO26861268
14415,UGO26858818
14416,PGO26861400
14417,PGO26823882
14418,UGO26861710
